{"valueType":"relations","values":[[{"_typeName":"User","id":"ck6rbehyrhrzu0b09nx4l6zr4","fieldName":"progress"},{"_typeName":"Progress","id":"ck6rbehyvhrzv0b09sk3ect3x"}],[{"_typeName":"User","id":"ck6vsawmuwouu0b09rjjfe1uw","fieldName":"progress"},{"_typeName":"Progress","id":"ck6vsawn1wouv0b09det4gkw5"}],[{"_typeName":"User","id":"ck6vsryifwpnz0b09ntpby51f","fieldName":"progress"},{"_typeName":"Progress","id":"ck6vsryikwpo00b091omwdvx7"}],[{"_typeName":"User","id":"ck6vt1h64wq5t0b092fcxb004","fieldName":"progress"},{"_typeName":"Progress","id":"ck6vt1h68wq5u0b092wv02ed2"}],[{"_typeName":"User","id":"ck6vu5vh8ws0b0b09c18nys7r","fieldName":"progress"},{"_typeName":"Progress","id":"ck6vu5vhdws0c0b09hvcf6ql0"}],[{"_typeName":"User","id":"ck6vuiw0zwsl30b09jip56thu","fieldName":"progress"},{"_typeName":"Progress","id":"ck6vuiw15wsl40b097b81d85y"}],[{"_typeName":"User","id":"ck6vunxhd9w3x0b007jux8ios","fieldName":"progress"},{"_typeName":"Progress","id":"ck6vunxhh9w3y0b00357v81cu"}],[{"_typeName":"User","id":"ck6vutopw9wib0b00awnnuyn0","fieldName":"progress"},{"_typeName":"Progress","id":"ck6vutoq39wic0b007a2hq0va"}],[{"_typeName":"User","id":"ck79vbeod40x70905z59lib96","fieldName":"progress"},{"_typeName":"Progress","id":"ck79vbeoi40x80905y6tf4t73"}],[{"_typeName":"User","id":"ck79vgcgy414d09051erqs7vu","fieldName":"progress"},{"_typeName":"Progress","id":"ck79vgch4414e0905h21i8dy2"}],[{"_typeName":"User","id":"ck79vkv4l41c80905ut4lze4m","fieldName":"progress"},{"_typeName":"Progress","id":"ck79vkv4q41c90905lpskqbi0"}],[{"_typeName":"User","id":"ck79vpd2541jj0905ocdviadd","fieldName":"progress"},{"_typeName":"Progress","id":"ck79vpd2a41jk09059vlwanpk"}],[{"_typeName":"User","id":"ck79vtpa241om0905w4d7gudy","fieldName":"progress"},{"_typeName":"Progress","id":"ck79vtpa741on0905h3mhqtlc"}],[{"_typeName":"User","id":"ck79vy6vr41v70905c7g3lb6k","fieldName":"progress"},{"_typeName":"Progress","id":"ck79vy6vv41v80905ji5sa5hd"}],[{"_typeName":"User","id":"ck79w4chr857y0961ei490ubs","fieldName":"progress"},{"_typeName":"Progress","id":"ck79w4cht857z096123f3vhpz"}],[{"_typeName":"User","id":"ck79w8aj285gr0961l46grru7","fieldName":"progress"},{"_typeName":"Progress","id":"ck79w8aj585gs0961bz2fsar5"}],[{"_typeName":"User","id":"ck79whwcz42ia0905xylddql9","fieldName":"progress"},{"_typeName":"Progress","id":"ck79whwd442ib0905d1yabfkz"}],[{"_typeName":"User","id":"ck79wn6a586j30961g5ogx7px","fieldName":"progress"},{"_typeName":"Progress","id":"ck79wn6a886j40961np9ut9or"}],[{"_typeName":"User","id":"ck79wtm5x42xx09058ui1vltq","fieldName":"progress"},{"_typeName":"Progress","id":"ck79wtm6342xy0905jotczgkn"}],[{"_typeName":"User","id":"ck79wx2sj43260905toncazr5","fieldName":"progress"},{"_typeName":"Progress","id":"ck79wx2so43270905a2blz3fk"}],[{"_typeName":"User","id":"ck79x3lcc439j0905vo5mq1ol","fieldName":"progress"},{"_typeName":"Progress","id":"ck79x3lci439k0905bprj7hl6"}],[{"_typeName":"User","id":"ck79x85gp43gh0905kgfpme08","fieldName":"progress"},{"_typeName":"Progress","id":"ck79x85gw43gi09057dm10bz7"}],[{"_typeName":"User","id":"ck79xac7v881i09612ye7vnw8","fieldName":"progress"},{"_typeName":"Progress","id":"ck79xac7z881j0961llbv8e6p"}],[{"_typeName":"User","id":"ck79xd8kw888z09611y32ijwb","fieldName":"progress"},{"_typeName":"Progress","id":"ck79xd8l088900961m2nl25qh"}],[{"_typeName":"User","id":"ck79xfkhy88ej0961zsenf9pn","fieldName":"progress"},{"_typeName":"Progress","id":"ck79xfkic88ek0961prvowot8"}],[{"_typeName":"User","id":"ck79xhz5188jy09617d7v2olx","fieldName":"progress"},{"_typeName":"Progress","id":"ck79xhz5488jz0961fladds1m"}],[{"_typeName":"User","id":"ck79xld3t88sj0961ci1xmz2c","fieldName":"progress"},{"_typeName":"Progress","id":"ck79xld3w88sk0961suvgnj6j"}],[{"_typeName":"User","id":"ck79xnp6p441609052g6iyrx3","fieldName":"progress"},{"_typeName":"Progress","id":"ck79xnp6u44170905etts219p"}],[{"_typeName":"User","id":"ck79xrlsw446r0905h3dagm88","fieldName":"progress"},{"_typeName":"Progress","id":"ck79xrlt2446s090508ztcl1x"}],[{"_typeName":"User","id":"ck79xuaeb44a60905f6zfwzrh","fieldName":"progress"},{"_typeName":"Progress","id":"ck79xuaeg44a70905z30k6ijw"}],[{"_typeName":"User","id":"ck79xwkpb89l20961uu7axgzh","fieldName":"progress"},{"_typeName":"Progress","id":"ck79xwkpg89l30961ft1721zs"}],[{"_typeName":"User","id":"ck79xy82244fh0905qpqw3f2i","fieldName":"progress"},{"_typeName":"Progress","id":"ck79xy82844fi09054z246d9d"}],[{"_typeName":"User","id":"ck79y0i0d44iz090525zampjc","fieldName":"progress"},{"_typeName":"Progress","id":"ck79y0i0h44j00905kxe2fiso"}],[{"_typeName":"User","id":"ck6rbehyrhrzu0b09nx4l6zr4","fieldName":"avatar"},{"_typeName":"Avatar","id":"ck6rbehyvhrzv0b09sk3ect3x"}],[{"_typeName":"User","id":"ck6vsawmuwouu0b09rjjfe1uw","fieldName":"avatar"},{"_typeName":"Avatar","id":"ck6vsawn1wouv0b09det4gkw5"}],[{"_typeName":"User","id":"ck6vsryifwpnz0b09ntpby51f","fieldName":"avatar"},{"_typeName":"Avatar","id":"ck6vsryikwpo00b091omwdvx7"}],[{"_typeName":"User","id":"ck6vt1h64wq5t0b092fcxb004","fieldName":"avatar"},{"_typeName":"Avatar","id":"ck6vt1h68wq5u0b092wv02ed2"}],[{"_typeName":"User","id":"ck6vu5vh8ws0b0b09c18nys7r","fieldName":"avatar"},{"_typeName":"Avatar","id":"ck6vu5vhdws0c0b09hvcf6ql0"}],[{"_typeName":"User","id":"ck6vuiw0zwsl30b09jip56thu","fieldName":"avatar"},{"_typeName":"Avatar","id":"ck6vuiw15wsl40b097b81d85y"}],[{"_typeName":"User","id":"ck6vunxhd9w3x0b007jux8ios","fieldName":"avatar"},{"_typeName":"Avatar","id":"ck6vunxhh9w3y0b00357v81cu"}],[{"_typeName":"User","id":"ck6vutopw9wib0b00awnnuyn0","fieldName":"avatar"},{"_typeName":"Avatar","id":"ck6vutoq39wic0b007a2hq0va"}],[{"_typeName":"User","id":"ck79vbeod40x70905z59lib96","fieldName":"avatar"},{"_typeName":"Avatar","id":"ck79vbeoi40x80905y6tf4t73"}],[{"_typeName":"User","id":"ck79vgcgy414d09051erqs7vu","fieldName":"avatar"},{"_typeName":"Avatar","id":"ck79vgch4414e0905h21i8dy2"}],[{"_typeName":"User","id":"ck79vkv4l41c80905ut4lze4m","fieldName":"avatar"},{"_typeName":"Avatar","id":"ck79vkv4q41c90905lpskqbi0"}],[{"_typeName":"User","id":"ck79vpd2541jj0905ocdviadd","fieldName":"avatar"},{"_typeName":"Avatar","id":"ck79vpd2a41jk09059vlwanpk"}],[{"_typeName":"User","id":"ck79vtpa241om0905w4d7gudy","fieldName":"avatar"},{"_typeName":"Avatar","id":"ck79vtpa741on0905h3mhqtlc"}],[{"_typeName":"User","id":"ck79vy6vr41v70905c7g3lb6k","fieldName":"avatar"},{"_typeName":"Avatar","id":"ck79vy6vv41v80905ji5sa5hd"}],[{"_typeName":"User","id":"ck79w4chr857y0961ei490ubs","fieldName":"avatar"},{"_typeName":"Avatar","id":"ck79w4cht857z096123f3vhpz"}],[{"_typeName":"User","id":"ck79w8aj285gr0961l46grru7","fieldName":"avatar"},{"_typeName":"Avatar","id":"ck79w8aj585gs0961bz2fsar5"}],[{"_typeName":"User","id":"ck79whwcz42ia0905xylddql9","fieldName":"avatar"},{"_typeName":"Avatar","id":"ck79whwd442ib0905d1yabfkz"}],[{"_typeName":"User","id":"ck79wn6a586j30961g5ogx7px","fieldName":"avatar"},{"_typeName":"Avatar","id":"ck79wn6a886j40961np9ut9or"}],[{"_typeName":"User","id":"ck79wtm5x42xx09058ui1vltq","fieldName":"avatar"},{"_typeName":"Avatar","id":"ck79wtm6342xy0905jotczgkn"}],[{"_typeName":"User","id":"ck79wx2sj43260905toncazr5","fieldName":"avatar"},{"_typeName":"Avatar","id":"ck79wx2so43270905a2blz3fk"}],[{"_typeName":"User","id":"ck79x3lcc439j0905vo5mq1ol","fieldName":"avatar"},{"_typeName":"Avatar","id":"ck79x3lci439k0905bprj7hl6"}],[{"_typeName":"User","id":"ck79x85gp43gh0905kgfpme08","fieldName":"avatar"},{"_typeName":"Avatar","id":"ck79x85gw43gi09057dm10bz7"}],[{"_typeName":"User","id":"ck79xac7v881i09612ye7vnw8","fieldName":"avatar"},{"_typeName":"Avatar","id":"ck79xac7z881j0961llbv8e6p"}],[{"_typeName":"User","id":"ck79xd8kw888z09611y32ijwb","fieldName":"avatar"},{"_typeName":"Avatar","id":"ck79xd8l088900961m2nl25qh"}],[{"_typeName":"User","id":"ck79xfkhy88ej0961zsenf9pn","fieldName":"avatar"},{"_typeName":"Avatar","id":"ck79xfkic88ek0961prvowot8"}],[{"_typeName":"User","id":"ck79xhz5188jy09617d7v2olx","fieldName":"avatar"},{"_typeName":"Avatar","id":"ck79xhz5488jz0961fladds1m"}],[{"_typeName":"User","id":"ck79xld3t88sj0961ci1xmz2c","fieldName":"avatar"},{"_typeName":"Avatar","id":"ck79xld3w88sk0961suvgnj6j"}],[{"_typeName":"User","id":"ck79xnp6p441609052g6iyrx3","fieldName":"avatar"},{"_typeName":"Avatar","id":"ck79xnp6u44170905etts219p"}],[{"_typeName":"User","id":"ck79xrlsw446r0905h3dagm88","fieldName":"avatar"},{"_typeName":"Avatar","id":"ck79xrlt2446s090508ztcl1x"}],[{"_typeName":"User","id":"ck79xuaeb44a60905f6zfwzrh","fieldName":"avatar"},{"_typeName":"Avatar","id":"ck79xuaeg44a70905z30k6ijw"}],[{"_typeName":"User","id":"ck79xwkpb89l20961uu7axgzh","fieldName":"avatar"},{"_typeName":"Avatar","id":"ck79xwkpg89l30961ft1721zs"}],[{"_typeName":"User","id":"ck79xy82244fh0905qpqw3f2i","fieldName":"avatar"},{"_typeName":"Avatar","id":"ck79xy82844fi09054z246d9d"}],[{"_typeName":"User","id":"ck79y0i0d44iz090525zampjc","fieldName":"avatar"},{"_typeName":"Avatar","id":"ck79y0i0h44j00905kxe2fiso"}],[{"_typeName":"Question","id":"ck6rbrr8xht1e0b09afq5jcbb","fieldName":"choices"},{"_typeName":"Choice","id":"ck6rbrr92ht1f0b09nd3tqoil","fieldName":"question"}],[{"_typeName":"Question","id":"ck6rbrr8xht1e0b09afq5jcbb","fieldName":"choices"},{"_typeName":"Choice","id":"ck6rbrr94ht1g0b099ezd65pl","fieldName":"question"}],[{"_typeName":"Question","id":"ck6rbrr8xht1e0b09afq5jcbb","fieldName":"choices"},{"_typeName":"Choice","id":"ck6rbrr95ht1h0b092lqntq1x","fieldName":"question"}],[{"_typeName":"Question","id":"ck6rbrr8xht1e0b09afq5jcbb","fieldName":"choices"},{"_typeName":"Choice","id":"ck6rbrr96ht1i0b092vxgbaj5","fieldName":"question"}],[{"_typeName":"Question","id":"ck6rbw7zcqx120b00j4zke3ds","fieldName":"choices"},{"_typeName":"Choice","id":"ck6rbw7zgqx130b00g2064tws","fieldName":"question"}],[{"_typeName":"Question","id":"ck6rbw7zcqx120b00j4zke3ds","fieldName":"choices"},{"_typeName":"Choice","id":"ck6rbw7zhqx140b00t3oun66y","fieldName":"question"}],[{"_typeName":"Question","id":"ck6rbw7zcqx120b00j4zke3ds","fieldName":"choices"},{"_typeName":"Choice","id":"ck6rbw7ziqx150b00r5w64pd4","fieldName":"question"}],[{"_typeName":"Question","id":"ck6rbw7zcqx120b00j4zke3ds","fieldName":"choices"},{"_typeName":"Choice","id":"ck6rbw7zjqx160b00qai8s6va","fieldName":"question"}],[{"_typeName":"Question","id":"ck6rbyxztqxf80b00ava2x5fj","fieldName":"choices"},{"_typeName":"Choice","id":"ck6rbyxzwqxf90b00i6u5shkv","fieldName":"question"}],[{"_typeName":"Question","id":"ck6rbyxztqxf80b00ava2x5fj","fieldName":"choices"},{"_typeName":"Choice","id":"ck6rbyxzxqxfa0b00gcc4x7mk","fieldName":"question"}],[{"_typeName":"Question","id":"ck6rbyxztqxf80b00ava2x5fj","fieldName":"choices"},{"_typeName":"Choice","id":"ck6rbyxzzqxfb0b006auayidi","fieldName":"question"}],[{"_typeName":"Question","id":"ck6rbyxztqxf80b00ava2x5fj","fieldName":"choices"},{"_typeName":"Choice","id":"ck6rbyy00qxfc0b00io2s7epe","fieldName":"question"}],[{"_typeName":"Question","id":"ck6rc0wm9htxd0b09i9us4kbn","fieldName":"choices"},{"_typeName":"Choice","id":"ck6rc0wmfhtxe0b09kcpqfoqn","fieldName":"question"}],[{"_typeName":"Question","id":"ck6rc0wm9htxd0b09i9us4kbn","fieldName":"choices"},{"_typeName":"Choice","id":"ck6rc0wmghtxf0b0960f1qnyx","fieldName":"question"}],[{"_typeName":"Question","id":"ck6rc0wm9htxd0b09i9us4kbn","fieldName":"choices"},{"_typeName":"Choice","id":"ck6rc0wmhhtxg0b09vg4tq11p","fieldName":"question"}],[{"_typeName":"Question","id":"ck6rc0wm9htxd0b09i9us4kbn","fieldName":"choices"},{"_typeName":"Choice","id":"ck6rc0wmihtxh0b09j8wevr5n","fieldName":"question"}],[{"_typeName":"Question","id":"ck6rc2v1mhu480b09v4i17a6b","fieldName":"choices"},{"_typeName":"Choice","id":"ck6rc2v2khu490b097xjp2g8p","fieldName":"question"}],[{"_typeName":"Question","id":"ck6rc2v1mhu480b09v4i17a6b","fieldName":"choices"},{"_typeName":"Choice","id":"ck6rc2v2lhu4a0b099q4g6s0y","fieldName":"question"}],[{"_typeName":"Question","id":"ck6rc2v1mhu480b09v4i17a6b","fieldName":"choices"},{"_typeName":"Choice","id":"ck6rc2v2nhu4b0b094gxynm6f","fieldName":"question"}],[{"_typeName":"Question","id":"ck6rc2v1mhu480b09v4i17a6b","fieldName":"choices"},{"_typeName":"Choice","id":"ck6rc2v2ohu4c0b09zlvnimgf","fieldName":"question"}],[{"_typeName":"Question","id":"ck6rc4epqhu8m0b09rhxrty4r","fieldName":"choices"},{"_typeName":"Choice","id":"ck6rc4epvhu8n0b09763d5duf","fieldName":"question"}],[{"_typeName":"Question","id":"ck6rc4epqhu8m0b09rhxrty4r","fieldName":"choices"},{"_typeName":"Choice","id":"ck6rc4epwhu8o0b09ep9i3rxe","fieldName":"question"}],[{"_typeName":"Question","id":"ck6rc4epqhu8m0b09rhxrty4r","fieldName":"choices"},{"_typeName":"Choice","id":"ck6rc4epxhu8p0b09cmu949hs","fieldName":"question"}],[{"_typeName":"Question","id":"ck6rc4epqhu8m0b09rhxrty4r","fieldName":"choices"},{"_typeName":"Choice","id":"ck6rc4epyhu8q0b09udn7bos4","fieldName":"question"}],[{"_typeName":"Question","id":"ck6rcbjjpqyt80b00lnd5mpah","fieldName":"choices"},{"_typeName":"Choice","id":"ck6rcbjk2qyt90b00lj8b0o1e","fieldName":"question"}],[{"_typeName":"Question","id":"ck6rcbjjpqyt80b00lnd5mpah","fieldName":"choices"},{"_typeName":"Choice","id":"ck6rcbjk3qyta0b00ohkm6s3k","fieldName":"question"}],[{"_typeName":"Question","id":"ck6rcbjjpqyt80b00lnd5mpah","fieldName":"choices"},{"_typeName":"Choice","id":"ck6rcbjk4qytb0b00wvbydq6w","fieldName":"question"}],[{"_typeName":"Question","id":"ck6rcbjjpqyt80b00lnd5mpah","fieldName":"choices"},{"_typeName":"Choice","id":"ck6rcbjk4qytc0b00j9xl84j8","fieldName":"question"}],[{"_typeName":"Question","id":"ck6rcdy2iqz5t0b005jdpxy9t","fieldName":"choices"},{"_typeName":"Choice","id":"ck6rcdy2lqz5u0b00dq7qorzi","fieldName":"question"}],[{"_typeName":"Question","id":"ck6rcdy2iqz5t0b005jdpxy9t","fieldName":"choices"},{"_typeName":"Choice","id":"ck6rcdy2nqz5v0b00chxc5wfj","fieldName":"question"}],[{"_typeName":"Question","id":"ck6rcdy2iqz5t0b005jdpxy9t","fieldName":"choices"},{"_typeName":"Choice","id":"ck6rcdy2nqz5w0b00ahk0uc8e","fieldName":"question"}],[{"_typeName":"Question","id":"ck6rcdy2iqz5t0b005jdpxy9t","fieldName":"choices"},{"_typeName":"Choice","id":"ck6rcdy2oqz5x0b003h6w4c16","fieldName":"question"}],[{"_typeName":"Question","id":"ck6rcg9fsqzdy0b008xajiq1j","fieldName":"choices"},{"_typeName":"Choice","id":"ck6rcg9fvqzdz0b00zzgjn7rz","fieldName":"question"}],[{"_typeName":"Question","id":"ck6rcg9fsqzdy0b008xajiq1j","fieldName":"choices"},{"_typeName":"Choice","id":"ck6rcg9fwqze00b00nyoa3hpd","fieldName":"question"}],[{"_typeName":"Question","id":"ck6rcg9fsqzdy0b008xajiq1j","fieldName":"choices"},{"_typeName":"Choice","id":"ck6rcg9fwqze10b002zukl3zv","fieldName":"question"}],[{"_typeName":"Question","id":"ck6rcg9fsqzdy0b008xajiq1j","fieldName":"choices"},{"_typeName":"Choice","id":"ck6rcg9fxqze20b00ojk6pp1p","fieldName":"question"}],[{"_typeName":"Question","id":"ck6rcijbfhv780b09t5wgq8yo","fieldName":"choices"},{"_typeName":"Choice","id":"ck6rcijbjhv790b09v477u47y","fieldName":"question"}],[{"_typeName":"Question","id":"ck6rcijbfhv780b09t5wgq8yo","fieldName":"choices"},{"_typeName":"Choice","id":"ck6rcijbkhv7a0b09kcrtez01","fieldName":"question"}],[{"_typeName":"Question","id":"ck6rcijbfhv780b09t5wgq8yo","fieldName":"choices"},{"_typeName":"Choice","id":"ck6rcijbmhv7b0b092sbhrvck","fieldName":"question"}],[{"_typeName":"Question","id":"ck6rcijbfhv780b09t5wgq8yo","fieldName":"choices"},{"_typeName":"Choice","id":"ck6rcijbnhv7c0b09ak5nca3m","fieldName":"question"}],[{"_typeName":"Question","id":"ck6rck42eqzpx0b00gr084mr6","fieldName":"choices"},{"_typeName":"Choice","id":"ck6rck42iqzpy0b00hzepw9kr","fieldName":"question"}],[{"_typeName":"Question","id":"ck6rck42eqzpx0b00gr084mr6","fieldName":"choices"},{"_typeName":"Choice","id":"ck6rck42jqzpz0b00g9tiuh2n","fieldName":"question"}],[{"_typeName":"Question","id":"ck6rck42eqzpx0b00gr084mr6","fieldName":"choices"},{"_typeName":"Choice","id":"ck6rck42jqzq00b00wt5josyy","fieldName":"question"}],[{"_typeName":"Question","id":"ck6rck42eqzpx0b00gr084mr6","fieldName":"choices"},{"_typeName":"Choice","id":"ck6rck42kqzq10b00o7rxcssp","fieldName":"question"}],[{"_typeName":"Question","id":"ck6rclzqhqzyc0b009ab7txka","fieldName":"choices"},{"_typeName":"Choice","id":"ck6rclzqlqzyd0b004k8r3qbb","fieldName":"question"}],[{"_typeName":"Question","id":"ck6rclzqhqzyc0b009ab7txka","fieldName":"choices"},{"_typeName":"Choice","id":"ck6rclzqmqzye0b00ig290u27","fieldName":"question"}],[{"_typeName":"Question","id":"ck6rclzqhqzyc0b009ab7txka","fieldName":"choices"},{"_typeName":"Choice","id":"ck6rclzqmqzyf0b00bqx36sqh","fieldName":"question"}],[{"_typeName":"Question","id":"ck6rclzqhqzyc0b009ab7txka","fieldName":"choices"},{"_typeName":"Choice","id":"ck6rclzqnqzyg0b0081hlnx3w","fieldName":"question"}],[{"_typeName":"Question","id":"ck6rcnl2ghvms0b09i3a1sivq","fieldName":"choices"},{"_typeName":"Choice","id":"ck6rcnl2mhvmt0b096juwr384","fieldName":"question"}],[{"_typeName":"Question","id":"ck6rcnl2ghvms0b09i3a1sivq","fieldName":"choices"},{"_typeName":"Choice","id":"ck6rcnl2nhvmu0b09fcoxp08p","fieldName":"question"}],[{"_typeName":"Question","id":"ck6rcnl2ghvms0b09i3a1sivq","fieldName":"choices"},{"_typeName":"Choice","id":"ck6rcnl2ohvmv0b09anbvivd4","fieldName":"question"}],[{"_typeName":"Question","id":"ck6rcnl2ghvms0b09i3a1sivq","fieldName":"choices"},{"_typeName":"Choice","id":"ck6rcnl2phvmw0b09hdfl1d06","fieldName":"question"}],[{"_typeName":"Question","id":"ck6rcor3br0in0b00jpqmvhpv","fieldName":"choices"},{"_typeName":"Choice","id":"ck6rcor3fr0io0b00bwcmzp06","fieldName":"question"}],[{"_typeName":"Question","id":"ck6rcor3br0in0b00jpqmvhpv","fieldName":"choices"},{"_typeName":"Choice","id":"ck6rcor3gr0ip0b0012uizfsf","fieldName":"question"}],[{"_typeName":"Question","id":"ck6rcor3br0in0b00jpqmvhpv","fieldName":"choices"},{"_typeName":"Choice","id":"ck6rcor3ir0iq0b00bcbkc9sl","fieldName":"question"}],[{"_typeName":"Question","id":"ck6rcor3br0in0b00jpqmvhpv","fieldName":"choices"},{"_typeName":"Choice","id":"ck6rcor3jr0ir0b00qpyaxf83","fieldName":"question"}],[{"_typeName":"Question","id":"ck6rcpt1ghvxe0b09xluyo127","fieldName":"choices"},{"_typeName":"Choice","id":"ck6rcpt1lhvxf0b092ubmptgq","fieldName":"question"}],[{"_typeName":"Question","id":"ck6rcpt1ghvxe0b09xluyo127","fieldName":"choices"},{"_typeName":"Choice","id":"ck6rcpt1mhvxg0b098rinvjmv","fieldName":"question"}],[{"_typeName":"Question","id":"ck6rcpt1ghvxe0b09xluyo127","fieldName":"choices"},{"_typeName":"Choice","id":"ck6rcpt1ohvxh0b09rj25ddmm","fieldName":"question"}],[{"_typeName":"Question","id":"ck6rcpt1ghvxe0b09xluyo127","fieldName":"choices"},{"_typeName":"Choice","id":"ck6rcpt1phvxi0b09nppwh13d","fieldName":"question"}],[{"_typeName":"Question","id":"ck6rcs1ghhw1e0b09tewyy0no","fieldName":"choices"},{"_typeName":"Choice","id":"ck6rcs1gnhw1f0b09kwut0bbr","fieldName":"question"}],[{"_typeName":"Question","id":"ck6rcs1ghhw1e0b09tewyy0no","fieldName":"choices"},{"_typeName":"Choice","id":"ck6rcs1gohw1g0b096gzsddce","fieldName":"question"}],[{"_typeName":"Question","id":"ck6rcs1ghhw1e0b09tewyy0no","fieldName":"choices"},{"_typeName":"Choice","id":"ck6rcs1gphw1h0b09pucnu6ci","fieldName":"question"}],[{"_typeName":"Question","id":"ck6rcs1ghhw1e0b09tewyy0no","fieldName":"choices"},{"_typeName":"Choice","id":"ck6rcs1gqhw1i0b09vs1zk0m8","fieldName":"question"}],[{"_typeName":"Question","id":"ck6rcx21ehw9v0b094k12f0wa","fieldName":"choices"},{"_typeName":"Choice","id":"ck6rcx21jhw9w0b09gj2pktlu","fieldName":"question"}],[{"_typeName":"Question","id":"ck6rcx21ehw9v0b094k12f0wa","fieldName":"choices"},{"_typeName":"Choice","id":"ck6rcx21khw9x0b09w065r7qc","fieldName":"question"}],[{"_typeName":"Question","id":"ck6rcx21ehw9v0b094k12f0wa","fieldName":"choices"},{"_typeName":"Choice","id":"ck6rcx21lhw9y0b096w5fk5xz","fieldName":"question"}],[{"_typeName":"Question","id":"ck6rcx21ehw9v0b094k12f0wa","fieldName":"choices"},{"_typeName":"Choice","id":"ck6rcx21lhw9z0b09q980e0uw","fieldName":"question"}],[{"_typeName":"Question","id":"ck6rd4k3chwml0b093n2ppdyh","fieldName":"choices"},{"_typeName":"Choice","id":"ck6rd4k3hhwmm0b09s6fovikg","fieldName":"question"}],[{"_typeName":"Question","id":"ck6rd4k3chwml0b093n2ppdyh","fieldName":"choices"},{"_typeName":"Choice","id":"ck6rd4k3jhwmn0b09vh1j10oy","fieldName":"question"}],[{"_typeName":"Question","id":"ck6rd4k3chwml0b093n2ppdyh","fieldName":"choices"},{"_typeName":"Choice","id":"ck6rd4k3khwmo0b09o4gjzj61","fieldName":"question"}],[{"_typeName":"Question","id":"ck6rd4k3chwml0b093n2ppdyh","fieldName":"choices"},{"_typeName":"Choice","id":"ck6rd4k3lhwmp0b09eugx86zt","fieldName":"question"}],[{"_typeName":"Question","id":"ck6rdak1ir2550b00l3t7voov","fieldName":"choices"},{"_typeName":"Choice","id":"ck6rdak1lr2560b00re9t9ujp","fieldName":"question"}],[{"_typeName":"Question","id":"ck6rdak1ir2550b00l3t7voov","fieldName":"choices"},{"_typeName":"Choice","id":"ck6rdak1mr2570b00y71s8p4s","fieldName":"question"}],[{"_typeName":"Question","id":"ck6rdak1ir2550b00l3t7voov","fieldName":"choices"},{"_typeName":"Choice","id":"ck6rdak1nr2580b00a499wan8","fieldName":"question"}],[{"_typeName":"Question","id":"ck6rdak1ir2550b00l3t7voov","fieldName":"choices"},{"_typeName":"Choice","id":"ck6rdak1or2590b00amzhesvy","fieldName":"question"}],[{"_typeName":"Question","id":"ck6rdc4m2r2950b00ga9k6vaz","fieldName":"choices"},{"_typeName":"Choice","id":"ck6rdc4m4r2960b002xgu0w3a","fieldName":"question"}],[{"_typeName":"Question","id":"ck6rdc4m2r2950b00ga9k6vaz","fieldName":"choices"},{"_typeName":"Choice","id":"ck6rdc4m5r2970b00bh6xf77m","fieldName":"question"}],[{"_typeName":"Question","id":"ck6rdc4m2r2950b00ga9k6vaz","fieldName":"choices"},{"_typeName":"Choice","id":"ck6rdc4m6r2980b00t51w27wp","fieldName":"question"}],[{"_typeName":"Question","id":"ck6rdc4m2r2950b00ga9k6vaz","fieldName":"choices"},{"_typeName":"Choice","id":"ck6rdc4m6r2990b00zdv2u7i1","fieldName":"question"}],[{"_typeName":"Question","id":"ck6rdhmh6r2o60b00t41ejpt0","fieldName":"choices"},{"_typeName":"Choice","id":"ck6rdhmh8r2o70b00n9iuivn6","fieldName":"question"}],[{"_typeName":"Question","id":"ck6rdhmh6r2o60b00t41ejpt0","fieldName":"choices"},{"_typeName":"Choice","id":"ck6rdhmh8r2o80b002rkyeo59","fieldName":"question"}],[{"_typeName":"Question","id":"ck6rdhmh6r2o60b00t41ejpt0","fieldName":"choices"},{"_typeName":"Choice","id":"ck6rdhmh9r2o90b004xzufoxl","fieldName":"question"}],[{"_typeName":"Question","id":"ck6rdhmh6r2o60b00t41ejpt0","fieldName":"choices"},{"_typeName":"Choice","id":"ck6rdhmh9r2oa0b00c6xk8x89","fieldName":"question"}],[{"_typeName":"Question","id":"ck6rdp00phxor0b096z6c8eaj","fieldName":"choices"},{"_typeName":"Choice","id":"ck6rdp00uhxos0b0980w6fpb6","fieldName":"question"}],[{"_typeName":"Question","id":"ck6rdp00phxor0b096z6c8eaj","fieldName":"choices"},{"_typeName":"Choice","id":"ck6rdp00vhxot0b09l6dvk0i4","fieldName":"question"}],[{"_typeName":"Question","id":"ck6rdp00phxor0b096z6c8eaj","fieldName":"choices"},{"_typeName":"Choice","id":"ck6rdp00whxou0b09wx75yume","fieldName":"question"}],[{"_typeName":"Question","id":"ck6rdp00phxor0b096z6c8eaj","fieldName":"choices"},{"_typeName":"Choice","id":"ck6rdp00xhxov0b093izezf9k","fieldName":"question"}],[{"_typeName":"Question","id":"ck6rdt6rjhy280b09j6x0r2ha","fieldName":"choices"},{"_typeName":"Choice","id":"ck6rdt6rphy290b09eb9kavmj","fieldName":"question"}],[{"_typeName":"Question","id":"ck6rdt6rjhy280b09j6x0r2ha","fieldName":"choices"},{"_typeName":"Choice","id":"ck6rdt6rqhy2a0b09qmlq28pk","fieldName":"question"}],[{"_typeName":"Question","id":"ck6rdt6rjhy280b09j6x0r2ha","fieldName":"choices"},{"_typeName":"Choice","id":"ck6rdt6rshy2b0b09kobcszv2","fieldName":"question"}],[{"_typeName":"Question","id":"ck6rdt6rjhy280b09j6x0r2ha","fieldName":"choices"},{"_typeName":"Choice","id":"ck6rdt6rthy2c0b09g2d3wugg","fieldName":"question"}],[{"_typeName":"Question","id":"ck6rdvkc4r4c80b004ly3dxm4","fieldName":"choices"},{"_typeName":"Choice","id":"ck6rdvkc6r4c90b00g295baku","fieldName":"question"}],[{"_typeName":"Question","id":"ck6rdvkc4r4c80b004ly3dxm4","fieldName":"choices"},{"_typeName":"Choice","id":"ck6rdvkc7r4ca0b00viyvkc0a","fieldName":"question"}],[{"_typeName":"Question","id":"ck6rdvkc4r4c80b004ly3dxm4","fieldName":"choices"},{"_typeName":"Choice","id":"ck6rdvkc8r4cb0b00o2cm321h","fieldName":"question"}],[{"_typeName":"Question","id":"ck6rdvkc4r4c80b004ly3dxm4","fieldName":"choices"},{"_typeName":"Choice","id":"ck6rdvkc8r4cc0b00p5l6utpb","fieldName":"question"}],[{"_typeName":"Question","id":"ck6rdwtmuhyff0b09wsmtwp3e","fieldName":"choices"},{"_typeName":"Choice","id":"ck6rdwtn0hyfg0b099iqffvhe","fieldName":"question"}],[{"_typeName":"Question","id":"ck6rdwtmuhyff0b09wsmtwp3e","fieldName":"choices"},{"_typeName":"Choice","id":"ck6rdwtn1hyfh0b09hwlv7as0","fieldName":"question"}],[{"_typeName":"Question","id":"ck6rdwtmuhyff0b09wsmtwp3e","fieldName":"choices"},{"_typeName":"Choice","id":"ck6rdwtn2hyfi0b09rucozxv5","fieldName":"question"}],[{"_typeName":"Question","id":"ck6rdwtmuhyff0b09wsmtwp3e","fieldName":"choices"},{"_typeName":"Choice","id":"ck6rdwtn3hyfj0b094iac129d","fieldName":"question"}],[{"_typeName":"Question","id":"ck6re0m9rhys40b097nxdz7j9","fieldName":"choices"},{"_typeName":"Choice","id":"ck6re0m9xhys50b09gel423y3","fieldName":"question"}],[{"_typeName":"Question","id":"ck6re0m9rhys40b097nxdz7j9","fieldName":"choices"},{"_typeName":"Choice","id":"ck6re0m9yhys60b091exxkhud","fieldName":"question"}],[{"_typeName":"Question","id":"ck6re0m9rhys40b097nxdz7j9","fieldName":"choices"},{"_typeName":"Choice","id":"ck6re0m9zhys70b09ubwphths","fieldName":"question"}],[{"_typeName":"Question","id":"ck6re0m9rhys40b097nxdz7j9","fieldName":"choices"},{"_typeName":"Choice","id":"ck6re0ma0hys80b09gxkf122u","fieldName":"question"}],[{"_typeName":"Question","id":"ck6re3d4shz100b09yso1m3ky","fieldName":"choices"},{"_typeName":"Choice","id":"ck6re3d4xhz110b09ak1jstl6","fieldName":"question"}],[{"_typeName":"Question","id":"ck6re3d4shz100b09yso1m3ky","fieldName":"choices"},{"_typeName":"Choice","id":"ck6re3d4yhz120b092k5l1m8r","fieldName":"question"}],[{"_typeName":"Question","id":"ck6re3d4shz100b09yso1m3ky","fieldName":"choices"},{"_typeName":"Choice","id":"ck6re3d4zhz130b09recgjejm","fieldName":"question"}],[{"_typeName":"Question","id":"ck6re3d4shz100b09yso1m3ky","fieldName":"choices"},{"_typeName":"Choice","id":"ck6re3d50hz140b09m2t4jjop","fieldName":"question"}],[{"_typeName":"Question","id":"ck6re5s87r5ld0b00cdhgueqw","fieldName":"choices"},{"_typeName":"Choice","id":"ck6re5s89r5le0b00x1kcrbbc","fieldName":"question"}],[{"_typeName":"Question","id":"ck6re5s87r5ld0b00cdhgueqw","fieldName":"choices"},{"_typeName":"Choice","id":"ck6re5s8ar5lf0b001quqmsa4","fieldName":"question"}],[{"_typeName":"Question","id":"ck6re5s87r5ld0b00cdhgueqw","fieldName":"choices"},{"_typeName":"Choice","id":"ck6re5s8ar5lg0b00dp59vrs4","fieldName":"question"}],[{"_typeName":"Question","id":"ck6re5s87r5ld0b00cdhgueqw","fieldName":"choices"},{"_typeName":"Choice","id":"ck6re5s8br5lh0b004whl601s","fieldName":"question"}],[{"_typeName":"Question","id":"ck6rfjayoi2gj0b09sui08vfi","fieldName":"choices"},{"_typeName":"Choice","id":"ck6rfjayui2gk0b09gl76gdm8","fieldName":"question"}],[{"_typeName":"Question","id":"ck6rfjayoi2gj0b09sui08vfi","fieldName":"choices"},{"_typeName":"Choice","id":"ck6rfjayvi2gl0b094pg8wx68","fieldName":"question"}],[{"_typeName":"Question","id":"ck6rfjayoi2gj0b09sui08vfi","fieldName":"choices"},{"_typeName":"Choice","id":"ck6rfjaywi2gm0b09fze1pn9f","fieldName":"question"}],[{"_typeName":"Question","id":"ck6rfjayoi2gj0b09sui08vfi","fieldName":"choices"},{"_typeName":"Choice","id":"ck6rfjayxi2gn0b09hrvstdqg","fieldName":"question"}],[{"_typeName":"Question","id":"ck6rfkho8i2j70b09tkiatymu","fieldName":"choices"},{"_typeName":"Choice","id":"ck6rfkhodi2j80b09wpngkpkw","fieldName":"question"}],[{"_typeName":"Question","id":"ck6rfkho8i2j70b09tkiatymu","fieldName":"choices"},{"_typeName":"Choice","id":"ck6rfkhoei2j90b09k9kacuwj","fieldName":"question"}],[{"_typeName":"Question","id":"ck6rfkho8i2j70b09tkiatymu","fieldName":"choices"},{"_typeName":"Choice","id":"ck6rfkhogi2ja0b09xyfexww9","fieldName":"question"}],[{"_typeName":"Question","id":"ck6rfkho8i2j70b09tkiatymu","fieldName":"choices"},{"_typeName":"Choice","id":"ck6rfkhohi2jb0b09mag7h1a5","fieldName":"question"}],[{"_typeName":"Question","id":"ck6rfmq7ui2op0b09cyfqwpdd","fieldName":"choices"},{"_typeName":"Choice","id":"ck6rfmq80i2oq0b09jfx8dkbm","fieldName":"question"}],[{"_typeName":"Question","id":"ck6rfmq7ui2op0b09cyfqwpdd","fieldName":"choices"},{"_typeName":"Choice","id":"ck6rfmq81i2or0b092i2hfupn","fieldName":"question"}],[{"_typeName":"Question","id":"ck6rfmq7ui2op0b09cyfqwpdd","fieldName":"choices"},{"_typeName":"Choice","id":"ck6rfmq82i2os0b095kx61imv","fieldName":"question"}],[{"_typeName":"Question","id":"ck6rfmq7ui2op0b09cyfqwpdd","fieldName":"choices"},{"_typeName":"Choice","id":"ck6rfmq84i2ot0b0971p0rkup","fieldName":"question"}],[{"_typeName":"Question","id":"ck6rfo2t2i2rg0b09qnpz05bs","fieldName":"choices"},{"_typeName":"Choice","id":"ck6rfo2tdi2rh0b09lx7zp8o4","fieldName":"question"}],[{"_typeName":"Question","id":"ck6rfo2t2i2rg0b09qnpz05bs","fieldName":"choices"},{"_typeName":"Choice","id":"ck6rfo2tei2ri0b09d6k1xs33","fieldName":"question"}],[{"_typeName":"Question","id":"ck6rfo2t2i2rg0b09qnpz05bs","fieldName":"choices"},{"_typeName":"Choice","id":"ck6rfo2tgi2rj0b094exhl3a7","fieldName":"question"}],[{"_typeName":"Question","id":"ck6rfo2t2i2rg0b09qnpz05bs","fieldName":"choices"},{"_typeName":"Choice","id":"ck6rfo2thi2rk0b09lhup5mt4","fieldName":"question"}],[{"_typeName":"Question","id":"ck6rfqt2ci2yh0b09cbp60lqy","fieldName":"choices"},{"_typeName":"Choice","id":"ck6rfqt2ii2yi0b092qxzylau","fieldName":"question"}],[{"_typeName":"Question","id":"ck6rfqt2ci2yh0b09cbp60lqy","fieldName":"choices"},{"_typeName":"Choice","id":"ck6rfqt2ji2yj0b09rbdyfbql","fieldName":"question"}],[{"_typeName":"Question","id":"ck6rfqt2ci2yh0b09cbp60lqy","fieldName":"choices"},{"_typeName":"Choice","id":"ck6rfqt2ki2yk0b096duxy26m","fieldName":"question"}],[{"_typeName":"Question","id":"ck6rfqt2ci2yh0b09cbp60lqy","fieldName":"choices"},{"_typeName":"Choice","id":"ck6rfqt2li2yl0b090waqp721","fieldName":"question"}],[{"_typeName":"Question","id":"ck6rfs56mi33a0b09n1bd9rn2","fieldName":"choices"},{"_typeName":"Choice","id":"ck6rfs56si33b0b09mkv8sfv7","fieldName":"question"}],[{"_typeName":"Question","id":"ck6rfs56mi33a0b09n1bd9rn2","fieldName":"choices"},{"_typeName":"Choice","id":"ck6rfs56ti33c0b09sv5phy05","fieldName":"question"}],[{"_typeName":"Question","id":"ck6rfs56mi33a0b09n1bd9rn2","fieldName":"choices"},{"_typeName":"Choice","id":"ck6rfs56ui33d0b09pjipsupd","fieldName":"question"}],[{"_typeName":"Question","id":"ck6rfs56mi33a0b09n1bd9rn2","fieldName":"choices"},{"_typeName":"Choice","id":"ck6rfs56vi33e0b09u8z83l6p","fieldName":"question"}],[{"_typeName":"Question","id":"ck6rftjoki38p0b09db721wdl","fieldName":"choices"},{"_typeName":"Choice","id":"ck6rftjooi38q0b09u8tvlcfs","fieldName":"question"}],[{"_typeName":"Question","id":"ck6rftjoki38p0b09db721wdl","fieldName":"choices"},{"_typeName":"Choice","id":"ck6rftjopi38r0b09v0vqjuq7","fieldName":"question"}],[{"_typeName":"Question","id":"ck6rftjoki38p0b09db721wdl","fieldName":"choices"},{"_typeName":"Choice","id":"ck6rftjoqi38s0b098rsuwbcg","fieldName":"question"}],[{"_typeName":"Question","id":"ck6rftjoki38p0b09db721wdl","fieldName":"choices"},{"_typeName":"Choice","id":"ck6rftjori38t0b09zs8vjy4g","fieldName":"question"}],[{"_typeName":"Question","id":"ck6rfumj0rbnf0b005wzav85t","fieldName":"choices"},{"_typeName":"Choice","id":"ck6rfumj3rbng0b00i8e0rtqd","fieldName":"question"}],[{"_typeName":"Question","id":"ck6rfumj0rbnf0b005wzav85t","fieldName":"choices"},{"_typeName":"Choice","id":"ck6rfumj4rbnh0b0058k9p4h6","fieldName":"question"}],[{"_typeName":"Question","id":"ck6rfumj0rbnf0b005wzav85t","fieldName":"choices"},{"_typeName":"Choice","id":"ck6rfumj4rbni0b001jgxvp3y","fieldName":"question"}],[{"_typeName":"Question","id":"ck6rfumj0rbnf0b005wzav85t","fieldName":"choices"},{"_typeName":"Choice","id":"ck6rfumj6rbnj0b0041bcnwnl","fieldName":"question"}],[{"_typeName":"Question","id":"ck6rfvs0crbrw0b00t5ni46ee","fieldName":"choices"},{"_typeName":"Choice","id":"ck6rfvs0erbrx0b00stmytc5k","fieldName":"question"}],[{"_typeName":"Question","id":"ck6rfvs0crbrw0b00t5ni46ee","fieldName":"choices"},{"_typeName":"Choice","id":"ck6rfvs0frbry0b00wmfspgaq","fieldName":"question"}],[{"_typeName":"Question","id":"ck6rfvs0crbrw0b00t5ni46ee","fieldName":"choices"},{"_typeName":"Choice","id":"ck6rfvs0frbrz0b00nrjy4yxc","fieldName":"question"}],[{"_typeName":"Question","id":"ck6rfvs0crbrw0b00t5ni46ee","fieldName":"choices"},{"_typeName":"Choice","id":"ck6rfvs0grbs00b00ls9hmhrc","fieldName":"question"}],[{"_typeName":"Question","id":"ck6rfxf5orbxd0b00owgd3lpo","fieldName":"choices"},{"_typeName":"Choice","id":"ck6rfxf5rrbxe0b00940jg6gb","fieldName":"question"}],[{"_typeName":"Question","id":"ck6rfxf5orbxd0b00owgd3lpo","fieldName":"choices"},{"_typeName":"Choice","id":"ck6rfxf5rrbxf0b00ipdqoixa","fieldName":"question"}],[{"_typeName":"Question","id":"ck6rfxf5orbxd0b00owgd3lpo","fieldName":"choices"},{"_typeName":"Choice","id":"ck6rfxf5srbxg0b00fspadca6","fieldName":"question"}],[{"_typeName":"Question","id":"ck6rfxf5orbxd0b00owgd3lpo","fieldName":"choices"},{"_typeName":"Choice","id":"ck6rfxf5trbxh0b00sq5whrhe","fieldName":"question"}],[{"_typeName":"Question","id":"ck6rfz19crc3s0b003sal6tll","fieldName":"choices"},{"_typeName":"Choice","id":"ck6rfz19grc3t0b00dgni7iw4","fieldName":"question"}],[{"_typeName":"Question","id":"ck6rfz19crc3s0b003sal6tll","fieldName":"choices"},{"_typeName":"Choice","id":"ck6rfz19grc3u0b008cn2eyge","fieldName":"question"}],[{"_typeName":"Question","id":"ck6rfz19crc3s0b003sal6tll","fieldName":"choices"},{"_typeName":"Choice","id":"ck6rfz19hrc3v0b009veoct65","fieldName":"question"}],[{"_typeName":"Question","id":"ck6rfz19crc3s0b003sal6tll","fieldName":"choices"},{"_typeName":"Choice","id":"ck6rfz19irc3w0b00gpw1wzlj","fieldName":"question"}],[{"_typeName":"Question","id":"ck6rg0jagrc9w0b00mtdo6btx","fieldName":"choices"},{"_typeName":"Choice","id":"ck6rg0jajrc9x0b006uiu1bhb","fieldName":"question"}],[{"_typeName":"Question","id":"ck6rg0jagrc9w0b00mtdo6btx","fieldName":"choices"},{"_typeName":"Choice","id":"ck6rg0jakrc9y0b00tu147ybw","fieldName":"question"}],[{"_typeName":"Question","id":"ck6rg0jagrc9w0b00mtdo6btx","fieldName":"choices"},{"_typeName":"Choice","id":"ck6rg0jalrc9z0b00lvl771vp","fieldName":"question"}],[{"_typeName":"Question","id":"ck6rg0jagrc9w0b00mtdo6btx","fieldName":"choices"},{"_typeName":"Choice","id":"ck6rg0jamrca00b00ltudz234","fieldName":"question"}],[{"_typeName":"Question","id":"ck6rgccwbrdkb0b00wljccdj3","fieldName":"choices"},{"_typeName":"Choice","id":"ck6rgccwdrdkc0b00qdwl2fpn","fieldName":"question"}],[{"_typeName":"Question","id":"ck6rgccwbrdkb0b00wljccdj3","fieldName":"choices"},{"_typeName":"Choice","id":"ck6rgccwerdkd0b00v6zlb2kd","fieldName":"question"}],[{"_typeName":"Question","id":"ck6rgccwbrdkb0b00wljccdj3","fieldName":"choices"},{"_typeName":"Choice","id":"ck6rgccwerdke0b008vghu8ha","fieldName":"question"}],[{"_typeName":"Question","id":"ck6rgccwbrdkb0b00wljccdj3","fieldName":"choices"},{"_typeName":"Choice","id":"ck6rgccwfrdkf0b00b1tu08bb","fieldName":"question"}],[{"_typeName":"Question","id":"ck6rge3h2i4tl0b097bwuuza4","fieldName":"choices"},{"_typeName":"Choice","id":"ck6rge3h8i4tm0b097gqgxks7","fieldName":"question"}],[{"_typeName":"Question","id":"ck6rge3h2i4tl0b097bwuuza4","fieldName":"choices"},{"_typeName":"Choice","id":"ck6rge3h9i4tn0b09pzs5w70p","fieldName":"question"}],[{"_typeName":"Question","id":"ck6rge3h2i4tl0b097bwuuza4","fieldName":"choices"},{"_typeName":"Choice","id":"ck6rge3hai4to0b09nzwvaukk","fieldName":"question"}],[{"_typeName":"Question","id":"ck6rge3h2i4tl0b097bwuuza4","fieldName":"choices"},{"_typeName":"Choice","id":"ck6rge3hbi4tp0b09lp55ybba","fieldName":"question"}],[{"_typeName":"Question","id":"ck6rgfd0ardso0b00amoc2im9","fieldName":"choices"},{"_typeName":"Choice","id":"ck6rgfd0erdsp0b00yx4f2ohz","fieldName":"question"}],[{"_typeName":"Question","id":"ck6rgfd0ardso0b00amoc2im9","fieldName":"choices"},{"_typeName":"Choice","id":"ck6rgfd0frdsq0b003zoc5aqo","fieldName":"question"}],[{"_typeName":"Question","id":"ck6rgfd0ardso0b00amoc2im9","fieldName":"choices"},{"_typeName":"Choice","id":"ck6rgfd0frdsr0b0018cl5rbz","fieldName":"question"}],[{"_typeName":"Question","id":"ck6rgfd0ardso0b00amoc2im9","fieldName":"choices"},{"_typeName":"Choice","id":"ck6rgfd0grdss0b009vnhfsze","fieldName":"question"}],[{"_typeName":"Question","id":"ck6rgh3koi50m0b09rr7xz8mc","fieldName":"choices"},{"_typeName":"Choice","id":"ck6rgh3kui50n0b09bzjpcsjn","fieldName":"question"}],[{"_typeName":"Question","id":"ck6rgh3koi50m0b09rr7xz8mc","fieldName":"choices"},{"_typeName":"Choice","id":"ck6rgh3kvi50o0b09ux1gmrcq","fieldName":"question"}],[{"_typeName":"Question","id":"ck6rgh3koi50m0b09rr7xz8mc","fieldName":"choices"},{"_typeName":"Choice","id":"ck6rgh3kwi50p0b09o330wsul","fieldName":"question"}],[{"_typeName":"Question","id":"ck6rgh3koi50m0b09rr7xz8mc","fieldName":"choices"},{"_typeName":"Choice","id":"ck6rgh3kyi50q0b09j66ql6k2","fieldName":"question"}],[{"_typeName":"Question","id":"ck6rgj3xqi54t0b09x4rszcao","fieldName":"choices"},{"_typeName":"Choice","id":"ck6rgj3xwi54u0b09p7fdi09u","fieldName":"question"}],[{"_typeName":"Question","id":"ck6rgj3xqi54t0b09x4rszcao","fieldName":"choices"},{"_typeName":"Choice","id":"ck6rgj3xxi54v0b096mbsz3z2","fieldName":"question"}],[{"_typeName":"Question","id":"ck6rgj3xqi54t0b09x4rszcao","fieldName":"choices"},{"_typeName":"Choice","id":"ck6rgj3xyi54w0b095k9rb55w","fieldName":"question"}],[{"_typeName":"Question","id":"ck6rgj3xqi54t0b09x4rszcao","fieldName":"choices"},{"_typeName":"Choice","id":"ck6rgj3xzi54x0b09qfl1giw0","fieldName":"question"}],[{"_typeName":"Question","id":"ck6rgl6y0reaw0b00686yh5wm","fieldName":"choices"},{"_typeName":"Choice","id":"ck6rgl6y4reax0b00bsk1bl3c","fieldName":"question"}],[{"_typeName":"Question","id":"ck6rgl6y0reaw0b00686yh5wm","fieldName":"choices"},{"_typeName":"Choice","id":"ck6rgl6y5reay0b00o7gep2yt","fieldName":"question"}],[{"_typeName":"Question","id":"ck6rgl6y0reaw0b00686yh5wm","fieldName":"choices"},{"_typeName":"Choice","id":"ck6rgl6y6reaz0b00xdxzaszg","fieldName":"question"}],[{"_typeName":"Question","id":"ck6rgl6y0reaw0b00686yh5wm","fieldName":"choices"},{"_typeName":"Choice","id":"ck6rgl6y7reb00b00qultjbs3","fieldName":"question"}],[{"_typeName":"Question","id":"ck6rgmkrpi5bw0b09twx7xw6j","fieldName":"choices"},{"_typeName":"Choice","id":"ck6rgmkrui5bx0b097svlflpo","fieldName":"question"}],[{"_typeName":"Question","id":"ck6rgmkrpi5bw0b09twx7xw6j","fieldName":"choices"},{"_typeName":"Choice","id":"ck6rgmkrvi5by0b0961ns1vyp","fieldName":"question"}],[{"_typeName":"Question","id":"ck6rgmkrpi5bw0b09twx7xw6j","fieldName":"choices"},{"_typeName":"Choice","id":"ck6rgmkrxi5bz0b09dioi5z5m","fieldName":"question"}],[{"_typeName":"Question","id":"ck6rgmkrpi5bw0b09twx7xw6j","fieldName":"choices"},{"_typeName":"Choice","id":"ck6rgmkryi5c00b09d3itgn9b","fieldName":"question"}],[{"_typeName":"Question","id":"ck6rgnlpfreip0b003da1gk2n","fieldName":"choices"},{"_typeName":"Choice","id":"ck6rgnlpjreiq0b0097bi2jmg","fieldName":"question"}],[{"_typeName":"Question","id":"ck6rgnlpfreip0b003da1gk2n","fieldName":"choices"},{"_typeName":"Choice","id":"ck6rgnlpkreir0b00vnc4dc27","fieldName":"question"}],[{"_typeName":"Question","id":"ck6rgnlpfreip0b003da1gk2n","fieldName":"choices"},{"_typeName":"Choice","id":"ck6rgnlplreis0b00yab14lcf","fieldName":"question"}],[{"_typeName":"Question","id":"ck6rgnlpfreip0b003da1gk2n","fieldName":"choices"},{"_typeName":"Choice","id":"ck6rgnlplreit0b00syckkv9s","fieldName":"question"}],[{"_typeName":"Question","id":"ck6rgp35hi5j00b09at033m10","fieldName":"choices"},{"_typeName":"Choice","id":"ck6rgp35mi5j10b095qnsrohm","fieldName":"question"}],[{"_typeName":"Question","id":"ck6rgp35hi5j00b09at033m10","fieldName":"choices"},{"_typeName":"Choice","id":"ck6rgp35ni5j20b09yngvgef7","fieldName":"question"}],[{"_typeName":"Question","id":"ck6rgp35hi5j00b09at033m10","fieldName":"choices"},{"_typeName":"Choice","id":"ck6rgp35oi5j30b09t9r93kfn","fieldName":"question"}],[{"_typeName":"Question","id":"ck6rgp35hi5j00b09at033m10","fieldName":"choices"},{"_typeName":"Choice","id":"ck6rgp35pi5j40b091usqfhmv","fieldName":"question"}],[{"_typeName":"Question","id":"ck6rgrlf8i5t70b097fpzs0xz","fieldName":"choices"},{"_typeName":"Choice","id":"ck6rgrlfdi5t80b09zsggahxr","fieldName":"question"}],[{"_typeName":"Question","id":"ck6rgrlf8i5t70b097fpzs0xz","fieldName":"choices"},{"_typeName":"Choice","id":"ck6rgrlfei5t90b09cj5sxgwa","fieldName":"question"}],[{"_typeName":"Question","id":"ck6rgrlf8i5t70b097fpzs0xz","fieldName":"choices"},{"_typeName":"Choice","id":"ck6rgrlfgi5ta0b09ujo00ghl","fieldName":"question"}],[{"_typeName":"Question","id":"ck6rgrlf8i5t70b097fpzs0xz","fieldName":"choices"},{"_typeName":"Choice","id":"ck6rgrlfgi5tb0b09yg6whgcj","fieldName":"question"}],[{"_typeName":"Question","id":"ck6rgstoii5ye0b09jrnche6j","fieldName":"choices"},{"_typeName":"Choice","id":"ck6rgstooi5yg0b0960jhjkvo","fieldName":"question"}],[{"_typeName":"Question","id":"ck6rgstoii5ye0b09jrnche6j","fieldName":"choices"},{"_typeName":"Choice","id":"ck6rgstopi5yh0b09mvlgqeay","fieldName":"question"}],[{"_typeName":"Question","id":"ck6rgstoii5ye0b09jrnche6j","fieldName":"choices"},{"_typeName":"Choice","id":"ck6rgstoqi5yi0b09j035px5i","fieldName":"question"}],[{"_typeName":"Question","id":"ck6rgstoii5ye0b09jrnche6j","fieldName":"choices"},{"_typeName":"Choice","id":"ck6rgstori5yj0b09jmsyozq3","fieldName":"question"}],[{"_typeName":"Question","id":"ck6rgwn6frfor0b002zwbuiz9","fieldName":"choices"},{"_typeName":"Choice","id":"ck6rgwn6jrfos0b009osljlla","fieldName":"question"}],[{"_typeName":"Question","id":"ck6rgwn6frfor0b002zwbuiz9","fieldName":"choices"},{"_typeName":"Choice","id":"ck6rgwn6jrfot0b00797kxbhi","fieldName":"question"}],[{"_typeName":"Question","id":"ck6rgwn6frfor0b002zwbuiz9","fieldName":"choices"},{"_typeName":"Choice","id":"ck6rgwn6krfou0b007mce3aix","fieldName":"question"}],[{"_typeName":"Question","id":"ck6rgwn6frfor0b002zwbuiz9","fieldName":"choices"},{"_typeName":"Choice","id":"ck6rgwn6lrfov0b00e5z0gyq2","fieldName":"question"}],[{"_typeName":"Question","id":"ck6rh0f6ci6jw0b09t89gy4nq","fieldName":"choices"},{"_typeName":"Choice","id":"ck6rh0f6ii6jx0b09kzobo6qd","fieldName":"question"}],[{"_typeName":"Question","id":"ck6rh0f6ci6jw0b09t89gy4nq","fieldName":"choices"},{"_typeName":"Choice","id":"ck6rh0f6ji6jy0b0960fljl3x","fieldName":"question"}],[{"_typeName":"Question","id":"ck6rh0f6ci6jw0b09t89gy4nq","fieldName":"choices"},{"_typeName":"Choice","id":"ck6rh0f6ki6jz0b095nhura18","fieldName":"question"}],[{"_typeName":"Question","id":"ck6rh0f6ci6jw0b09t89gy4nq","fieldName":"choices"},{"_typeName":"Choice","id":"ck6rh0f6li6k00b0955rq5ndu","fieldName":"question"}],[{"_typeName":"Question","id":"ck6rh4gvki6tp0b09g2sy9va6","fieldName":"choices"},{"_typeName":"Choice","id":"ck6rh4gvqi6tq0b09wj5aem27","fieldName":"question"}],[{"_typeName":"Question","id":"ck6rh4gvki6tp0b09g2sy9va6","fieldName":"choices"},{"_typeName":"Choice","id":"ck6rh4gvri6tr0b09whqlk580","fieldName":"question"}],[{"_typeName":"Question","id":"ck6rh4gvki6tp0b09g2sy9va6","fieldName":"choices"},{"_typeName":"Choice","id":"ck6rh4gvsi6ts0b0967od3w97","fieldName":"question"}],[{"_typeName":"Question","id":"ck6rh4gvki6tp0b09g2sy9va6","fieldName":"choices"},{"_typeName":"Choice","id":"ck6rh4gvti6tt0b09gf03m0sm","fieldName":"question"}],[{"_typeName":"Question","id":"ck6rhajq3rgz40b00qb6f4f04","fieldName":"choices"},{"_typeName":"Choice","id":"ck6rhajq7rgz50b00qjxzjy9b","fieldName":"question"}],[{"_typeName":"Question","id":"ck6rhajq3rgz40b00qb6f4f04","fieldName":"choices"},{"_typeName":"Choice","id":"ck6rhajq8rgz60b0035mtvhx8","fieldName":"question"}],[{"_typeName":"Question","id":"ck6rhajq3rgz40b00qb6f4f04","fieldName":"choices"},{"_typeName":"Choice","id":"ck6rhajq9rgz70b00hd5ydg8g","fieldName":"question"}],[{"_typeName":"Question","id":"ck6rhajq3rgz40b00qb6f4f04","fieldName":"choices"},{"_typeName":"Choice","id":"ck6rhajqargz80b00rhr7w86e","fieldName":"question"}],[{"_typeName":"Question","id":"ck6rhi24orhrw0b00j4zlruaf","fieldName":"choices"},{"_typeName":"Choice","id":"ck6rhi24qrhrx0b006rw5vikc","fieldName":"question"}],[{"_typeName":"Question","id":"ck6rhi24orhrw0b00j4zlruaf","fieldName":"choices"},{"_typeName":"Choice","id":"ck6rhi24vrhry0b004wn2833e","fieldName":"question"}],[{"_typeName":"Question","id":"ck6rhi24orhrw0b00j4zlruaf","fieldName":"choices"},{"_typeName":"Choice","id":"ck6rhi24vrhrz0b00sbesdub2","fieldName":"question"}],[{"_typeName":"Question","id":"ck6rhi24orhrw0b00j4zlruaf","fieldName":"choices"},{"_typeName":"Choice","id":"ck6rhi24wrhs00b00eojymxoc","fieldName":"question"}],[{"_typeName":"Question","id":"ck6rhpyzerils0b00ztiy4ymv","fieldName":"choices"},{"_typeName":"Choice","id":"ck6rhpyzhrilt0b000jzlmxra","fieldName":"question"}],[{"_typeName":"Question","id":"ck6rhpyzerils0b00ztiy4ymv","fieldName":"choices"},{"_typeName":"Choice","id":"ck6rhpyzhrilu0b005qxbq3qh","fieldName":"question"}],[{"_typeName":"Question","id":"ck6rhpyzerils0b00ztiy4ymv","fieldName":"choices"},{"_typeName":"Choice","id":"ck6rhpyzirilv0b00w4yqit11","fieldName":"question"}],[{"_typeName":"Question","id":"ck6rhpyzerils0b00ztiy4ymv","fieldName":"choices"},{"_typeName":"Choice","id":"ck6rhpyzirilw0b006co6e4kh","fieldName":"question"}],[{"_typeName":"Question","id":"ck6rhv0oji8it0b09jb2ajh6w","fieldName":"choices"},{"_typeName":"Choice","id":"ck6rhv0ooi8iu0b09uks9hgyi","fieldName":"question"}],[{"_typeName":"Question","id":"ck6rhv0oji8it0b09jb2ajh6w","fieldName":"choices"},{"_typeName":"Choice","id":"ck6rhv0opi8iv0b0953nkcyt1","fieldName":"question"}],[{"_typeName":"Question","id":"ck6rhv0oji8it0b09jb2ajh6w","fieldName":"choices"},{"_typeName":"Choice","id":"ck6rhv0oqi8iw0b09kawf9xlf","fieldName":"question"}],[{"_typeName":"Question","id":"ck6rhv0oji8it0b09jb2ajh6w","fieldName":"choices"},{"_typeName":"Choice","id":"ck6rhv0ori8ix0b09nu0m7j0p","fieldName":"question"}],[{"_typeName":"Question","id":"ck6ri1tcbrjuz0b00vlaqoeaz","fieldName":"choices"},{"_typeName":"Choice","id":"ck6ri1tcerjv00b00fzryzux3","fieldName":"question"}],[{"_typeName":"Question","id":"ck6ri1tcbrjuz0b00vlaqoeaz","fieldName":"choices"},{"_typeName":"Choice","id":"ck6ri1tcfrjv10b00d79p9zza","fieldName":"question"}],[{"_typeName":"Question","id":"ck6ri1tcbrjuz0b00vlaqoeaz","fieldName":"choices"},{"_typeName":"Choice","id":"ck6ri1tcfrjv20b00c49fcnyh","fieldName":"question"}],[{"_typeName":"Question","id":"ck6ri1tcbrjuz0b00vlaqoeaz","fieldName":"choices"},{"_typeName":"Choice","id":"ck6ri1tcfrjv30b0066j47cef","fieldName":"question"}],[{"_typeName":"Question","id":"ck6ri7gh6i9f70b0986x5a4s8","fieldName":"choices"},{"_typeName":"Choice","id":"ck6ri7ghbi9f80b090vgtze7p","fieldName":"question"}],[{"_typeName":"Question","id":"ck6ri7gh6i9f70b0986x5a4s8","fieldName":"choices"},{"_typeName":"Choice","id":"ck6ri7ghci9f90b09iugta7dv","fieldName":"question"}],[{"_typeName":"Question","id":"ck6ri7gh6i9f70b0986x5a4s8","fieldName":"choices"},{"_typeName":"Choice","id":"ck6ri7ghdi9fa0b092r2r6xwy","fieldName":"question"}],[{"_typeName":"Question","id":"ck6ri7gh6i9f70b0986x5a4s8","fieldName":"choices"},{"_typeName":"Choice","id":"ck6ri7ghei9fb0b09jun4eqdy","fieldName":"question"}],[{"_typeName":"Question","id":"ck6ribjq2rkvo0b00f62k7mws","fieldName":"choices"},{"_typeName":"Choice","id":"ck6ribjq6rkvp0b00iidcz03v","fieldName":"question"}],[{"_typeName":"Question","id":"ck6ribjq2rkvo0b00f62k7mws","fieldName":"choices"},{"_typeName":"Choice","id":"ck6ribjq7rkvq0b00ucn3gctn","fieldName":"question"}],[{"_typeName":"Question","id":"ck6ribjq2rkvo0b00f62k7mws","fieldName":"choices"},{"_typeName":"Choice","id":"ck6ribjq8rkvr0b00nuelx084","fieldName":"question"}],[{"_typeName":"Question","id":"ck6ribjq2rkvo0b00f62k7mws","fieldName":"choices"},{"_typeName":"Choice","id":"ck6ribjq9rkvs0b00ojmfysa3","fieldName":"question"}],[{"_typeName":"Question","id":"ck6rik7furlta0b00dnjdqj1a","fieldName":"choices"},{"_typeName":"Choice","id":"ck6rik7fxrltb0b00nrh1gieb","fieldName":"question"}],[{"_typeName":"Question","id":"ck6rik7furlta0b00dnjdqj1a","fieldName":"choices"},{"_typeName":"Choice","id":"ck6rik7fyrltc0b00vg98klht","fieldName":"question"}],[{"_typeName":"Question","id":"ck6rik7furlta0b00dnjdqj1a","fieldName":"choices"},{"_typeName":"Choice","id":"ck6rik7fyrltd0b00m2t8m5wn","fieldName":"question"}],[{"_typeName":"Question","id":"ck6rik7furlta0b00dnjdqj1a","fieldName":"choices"},{"_typeName":"Choice","id":"ck6rik7fzrlte0b00ct9wrq2z","fieldName":"question"}],[{"_typeName":"Question","id":"ck6ripmaciaq10b09c3p5173z","fieldName":"choices"},{"_typeName":"Choice","id":"ck6ripmaiiaq20b09eumnpzkr","fieldName":"question"}],[{"_typeName":"Question","id":"ck6ripmaciaq10b09c3p5173z","fieldName":"choices"},{"_typeName":"Choice","id":"ck6ripmajiaq30b09m8mnwxaj","fieldName":"question"}],[{"_typeName":"Question","id":"ck6ripmaciaq10b09c3p5173z","fieldName":"choices"},{"_typeName":"Choice","id":"ck6ripmakiaq40b09y3fmhqqj","fieldName":"question"}],[{"_typeName":"Question","id":"ck6ripmaciaq10b09c3p5173z","fieldName":"choices"},{"_typeName":"Choice","id":"ck6ripmaliaq50b09gvu1mhuq","fieldName":"question"}],[{"_typeName":"Question","id":"ck6riraibrmis0b007i9nyhqs","fieldName":"choices"},{"_typeName":"Choice","id":"ck6riraiermit0b00gezhxbcv","fieldName":"question"}],[{"_typeName":"Question","id":"ck6riraibrmis0b007i9nyhqs","fieldName":"choices"},{"_typeName":"Choice","id":"ck6riraifrmiu0b001vwjweml","fieldName":"question"}],[{"_typeName":"Question","id":"ck6riraibrmis0b007i9nyhqs","fieldName":"choices"},{"_typeName":"Choice","id":"ck6riraifrmiv0b00a6q4uii1","fieldName":"question"}],[{"_typeName":"Question","id":"ck6riraibrmis0b007i9nyhqs","fieldName":"choices"},{"_typeName":"Choice","id":"ck6riraigrmiw0b00l5064p1i","fieldName":"question"}],[{"_typeName":"Question","id":"ck6risb8ormml0b00u2sc97t2","fieldName":"choices"},{"_typeName":"Choice","id":"ck6risb8rrmmm0b00ikukah25","fieldName":"question"}],[{"_typeName":"Question","id":"ck6risb8ormml0b00u2sc97t2","fieldName":"choices"},{"_typeName":"Choice","id":"ck6risb8srmmn0b003yzk26gj","fieldName":"question"}],[{"_typeName":"Question","id":"ck6risb8ormml0b00u2sc97t2","fieldName":"choices"},{"_typeName":"Choice","id":"ck6risb8srmmo0b00k37h1r57","fieldName":"question"}],[{"_typeName":"Question","id":"ck6risb8ormml0b00u2sc97t2","fieldName":"choices"},{"_typeName":"Choice","id":"ck6risb8trmmp0b00kqbnqb2l","fieldName":"question"}],[{"_typeName":"Question","id":"ck6rith46iaz40b09ghzin3xx","fieldName":"choices"},{"_typeName":"Choice","id":"ck6rith4ciaz50b09pt8tfcxj","fieldName":"question"}],[{"_typeName":"Question","id":"ck6rith46iaz40b09ghzin3xx","fieldName":"choices"},{"_typeName":"Choice","id":"ck6rith4diaz60b09fbialg9t","fieldName":"question"}],[{"_typeName":"Question","id":"ck6rith46iaz40b09ghzin3xx","fieldName":"choices"},{"_typeName":"Choice","id":"ck6rith4eiaz70b091l0zgsb2","fieldName":"question"}],[{"_typeName":"Question","id":"ck6rith46iaz40b09ghzin3xx","fieldName":"choices"},{"_typeName":"Choice","id":"ck6rith4fiaz80b09r7prayyh","fieldName":"question"}],[{"_typeName":"Question","id":"ck6rivifyrmxm0b00vhmaxkjz","fieldName":"choices"},{"_typeName":"Choice","id":"ck6rivig3rmxn0b00dbx1ibbg","fieldName":"question"}],[{"_typeName":"Question","id":"ck6rivifyrmxm0b00vhmaxkjz","fieldName":"choices"},{"_typeName":"Choice","id":"ck6rivig4rmxo0b009cks3af4","fieldName":"question"}],[{"_typeName":"Question","id":"ck6rivifyrmxm0b00vhmaxkjz","fieldName":"choices"},{"_typeName":"Choice","id":"ck6rivig5rmxp0b004jystfem","fieldName":"question"}],[{"_typeName":"Question","id":"ck6rivifyrmxm0b00vhmaxkjz","fieldName":"choices"},{"_typeName":"Choice","id":"ck6rivig7rmxq0b00jq20n094","fieldName":"question"}],[{"_typeName":"Question","id":"ck6rixjnxrn500b00kye535iz","fieldName":"choices"},{"_typeName":"Choice","id":"ck6rixjo2rn510b004bswygyb","fieldName":"question"}],[{"_typeName":"Question","id":"ck6rixjnxrn500b00kye535iz","fieldName":"choices"},{"_typeName":"Choice","id":"ck6rixjo3rn520b00mrr7b266","fieldName":"question"}],[{"_typeName":"Question","id":"ck6rixjnxrn500b00kye535iz","fieldName":"choices"},{"_typeName":"Choice","id":"ck6rixjo5rn530b00eu4dgu96","fieldName":"question"}],[{"_typeName":"Question","id":"ck6rixjnxrn500b00kye535iz","fieldName":"choices"},{"_typeName":"Choice","id":"ck6rixjo5rn540b00j7ffqkn7","fieldName":"question"}],[{"_typeName":"Question","id":"ck6rj2jkgibju0b09eyla2bsj","fieldName":"choices"},{"_typeName":"Choice","id":"ck6rj2jklibjv0b0905o0j249","fieldName":"question"}],[{"_typeName":"Question","id":"ck6rj2jkgibju0b09eyla2bsj","fieldName":"choices"},{"_typeName":"Choice","id":"ck6rj2jkmibjw0b098ninut01","fieldName":"question"}],[{"_typeName":"Question","id":"ck6rj2jkgibju0b09eyla2bsj","fieldName":"choices"},{"_typeName":"Choice","id":"ck6rj2jkoibjx0b093c8ksrwc","fieldName":"question"}],[{"_typeName":"Question","id":"ck6rj2jkgibju0b09eyla2bsj","fieldName":"choices"},{"_typeName":"Choice","id":"ck6rj2jkpibjy0b09q4txk79h","fieldName":"question"}],[{"_typeName":"Question","id":"ck6rj52c5rnw80b006ko162mn","fieldName":"choices"},{"_typeName":"Choice","id":"ck6rj52c7rnw90b00m2ecueqo","fieldName":"question"}],[{"_typeName":"Question","id":"ck6rj52c5rnw80b006ko162mn","fieldName":"choices"},{"_typeName":"Choice","id":"ck6rj52c8rnwa0b0014r6s6o5","fieldName":"question"}],[{"_typeName":"Question","id":"ck6rj52c5rnw80b006ko162mn","fieldName":"choices"},{"_typeName":"Choice","id":"ck6rj52c8rnwb0b0001ipmipw","fieldName":"question"}],[{"_typeName":"Question","id":"ck6rj52c5rnw80b006ko162mn","fieldName":"choices"},{"_typeName":"Choice","id":"ck6rj52c9rnwc0b0088b8uix2","fieldName":"question"}],[{"_typeName":"Question","id":"ck6rjabn6ic530b09ntkhga30","fieldName":"choices"},{"_typeName":"Choice","id":"ck6rjabncic540b09ogjtx2p2","fieldName":"question"}],[{"_typeName":"Question","id":"ck6rjabn6ic530b09ntkhga30","fieldName":"choices"},{"_typeName":"Choice","id":"ck6rjabndic550b09fey6h6xo","fieldName":"question"}],[{"_typeName":"Question","id":"ck6rjabn6ic530b09ntkhga30","fieldName":"choices"},{"_typeName":"Choice","id":"ck6rjabneic560b09c7jtws2i","fieldName":"question"}],[{"_typeName":"Question","id":"ck6rjabn6ic530b09ntkhga30","fieldName":"choices"},{"_typeName":"Choice","id":"ck6rjabngic570b095t1l3nl0","fieldName":"question"}],[{"_typeName":"Question","id":"ck6rjbnyzic860b093st7w0qz","fieldName":"choices"},{"_typeName":"Choice","id":"ck6rjbnzaic870b09yvz2wuas","fieldName":"question"}],[{"_typeName":"Question","id":"ck6rjbnyzic860b093st7w0qz","fieldName":"choices"},{"_typeName":"Choice","id":"ck6rjbnzbic880b090mhslsm8","fieldName":"question"}],[{"_typeName":"Question","id":"ck6rjbnyzic860b093st7w0qz","fieldName":"choices"},{"_typeName":"Choice","id":"ck6rjbnzcic890b0974noi58x","fieldName":"question"}],[{"_typeName":"Question","id":"ck6rjbnyzic860b093st7w0qz","fieldName":"choices"},{"_typeName":"Choice","id":"ck6rjbnzdic8a0b094gbkb89j","fieldName":"question"}],[{"_typeName":"Question","id":"ck6rjck55romg0b00l6ki0e8s","fieldName":"choices"},{"_typeName":"Choice","id":"ck6rjck5aromh0b000x06yrzy","fieldName":"question"}],[{"_typeName":"Question","id":"ck6rjck55romg0b00l6ki0e8s","fieldName":"choices"},{"_typeName":"Choice","id":"ck6rjck5bromi0b005w2s0fsa","fieldName":"question"}],[{"_typeName":"Question","id":"ck6rjck55romg0b00l6ki0e8s","fieldName":"choices"},{"_typeName":"Choice","id":"ck6rjck5cromj0b002whtb934","fieldName":"question"}],[{"_typeName":"Question","id":"ck6rjck55romg0b00l6ki0e8s","fieldName":"choices"},{"_typeName":"Choice","id":"ck6rjck5dromk0b00tfbv6lbj","fieldName":"question"}],[{"_typeName":"Question","id":"ck6rjer5prow70b00xyc9tvzr","fieldName":"choices"},{"_typeName":"Choice","id":"ck6rjer5trow80b00zse8gkui","fieldName":"question"}],[{"_typeName":"Question","id":"ck6rjer5prow70b00xyc9tvzr","fieldName":"choices"},{"_typeName":"Choice","id":"ck6rjer5urow90b00ro2hgas7","fieldName":"question"}],[{"_typeName":"Question","id":"ck6rjer5prow70b00xyc9tvzr","fieldName":"choices"},{"_typeName":"Choice","id":"ck6rjer5urowa0b003rs3rzkh","fieldName":"question"}],[{"_typeName":"Question","id":"ck6rjer5prow70b00xyc9tvzr","fieldName":"choices"},{"_typeName":"Choice","id":"ck6rjer5vrowb0b004dm0vfxz","fieldName":"question"}],[{"_typeName":"Question","id":"ck6rjh078rp7l0b0011qnj1sb","fieldName":"choices"},{"_typeName":"Choice","id":"ck6rjh07jrp7m0b00kuooz675","fieldName":"question"}],[{"_typeName":"Question","id":"ck6rjh078rp7l0b0011qnj1sb","fieldName":"choices"},{"_typeName":"Choice","id":"ck6rjh07jrp7n0b00ejudl9po","fieldName":"question"}],[{"_typeName":"Question","id":"ck6rjh078rp7l0b0011qnj1sb","fieldName":"choices"},{"_typeName":"Choice","id":"ck6rjh07krp7o0b000qcecszq","fieldName":"question"}],[{"_typeName":"Question","id":"ck6rjh078rp7l0b0011qnj1sb","fieldName":"choices"},{"_typeName":"Choice","id":"ck6rjh07krp7p0b004rn4mw9b","fieldName":"question"}],[{"_typeName":"Question","id":"ck6rjilb4icty0b09zawkdszf","fieldName":"choices"},{"_typeName":"Choice","id":"ck6rjilbaictz0b09yehmoalj","fieldName":"question"}],[{"_typeName":"Question","id":"ck6rjilb4icty0b09zawkdszf","fieldName":"choices"},{"_typeName":"Choice","id":"ck6rjilbbicu00b09ng0stzag","fieldName":"question"}],[{"_typeName":"Question","id":"ck6rjilb4icty0b09zawkdszf","fieldName":"choices"},{"_typeName":"Choice","id":"ck6rjilbcicu10b095y3d8k70","fieldName":"question"}],[{"_typeName":"Question","id":"ck6rjilb4icty0b09zawkdszf","fieldName":"choices"},{"_typeName":"Choice","id":"ck6rjilbdicu20b094t18dx81","fieldName":"question"}],[{"_typeName":"Question","id":"ck6rjk0djicxf0b099aych9du","fieldName":"choices"},{"_typeName":"Choice","id":"ck6rjk0doicxg0b09frlfifi1","fieldName":"question"}],[{"_typeName":"Question","id":"ck6rjk0djicxf0b099aych9du","fieldName":"choices"},{"_typeName":"Choice","id":"ck6rjk0dpicxh0b09l8izx62v","fieldName":"question"}],[{"_typeName":"Question","id":"ck6rjk0djicxf0b099aych9du","fieldName":"choices"},{"_typeName":"Choice","id":"ck6rjk0dricxi0b09p9mryzyf","fieldName":"question"}],[{"_typeName":"Question","id":"ck6rjk0djicxf0b099aych9du","fieldName":"choices"},{"_typeName":"Choice","id":"ck6rjk0dsicxj0b09bqrqirr9","fieldName":"question"}],[{"_typeName":"Question","id":"ck6rjlgraid0u0b09dji6ekvp","fieldName":"choices"},{"_typeName":"Choice","id":"ck6rjlgreid0v0b09m6l1o7ah","fieldName":"question"}],[{"_typeName":"Question","id":"ck6rjlgraid0u0b09dji6ekvp","fieldName":"choices"},{"_typeName":"Choice","id":"ck6rjlgrfid0w0b09fi5rdraj","fieldName":"question"}],[{"_typeName":"Question","id":"ck6rjlgraid0u0b09dji6ekvp","fieldName":"choices"},{"_typeName":"Choice","id":"ck6rjlgrhid0x0b09mr70zi5o","fieldName":"question"}],[{"_typeName":"Question","id":"ck6rjlgraid0u0b09dji6ekvp","fieldName":"choices"},{"_typeName":"Choice","id":"ck6rjlgriid0y0b09xacozd2z","fieldName":"question"}],[{"_typeName":"Question","id":"ck6rjmm4srprn0b00zsoco316","fieldName":"choices"},{"_typeName":"Choice","id":"ck6rjmm4vrpro0b00q3op07g1","fieldName":"question"}],[{"_typeName":"Question","id":"ck6rjmm4srprn0b00zsoco316","fieldName":"choices"},{"_typeName":"Choice","id":"ck6rjmm4wrprp0b00v3tz08td","fieldName":"question"}],[{"_typeName":"Question","id":"ck6rjmm4srprn0b00zsoco316","fieldName":"choices"},{"_typeName":"Choice","id":"ck6rjmm4xrprq0b00mdxqgwul","fieldName":"question"}],[{"_typeName":"Question","id":"ck6rjmm4srprn0b00zsoco316","fieldName":"choices"},{"_typeName":"Choice","id":"ck6rjmm4xrprr0b00wax3iwmd","fieldName":"question"}],[{"_typeName":"Question","id":"ck6rjo2m4id6j0b09p4h3ru2u","fieldName":"choices"},{"_typeName":"Choice","id":"ck6rjo2m9id6k0b09p6yb5x67","fieldName":"question"}],[{"_typeName":"Question","id":"ck6rjo2m4id6j0b09p4h3ru2u","fieldName":"choices"},{"_typeName":"Choice","id":"ck6rjo2maid6l0b096zxoqaye","fieldName":"question"}],[{"_typeName":"Question","id":"ck6rjo2m4id6j0b09p4h3ru2u","fieldName":"choices"},{"_typeName":"Choice","id":"ck6rjo2mbid6m0b096e1x9cmy","fieldName":"question"}],[{"_typeName":"Question","id":"ck6rjo2m4id6j0b09p4h3ru2u","fieldName":"choices"},{"_typeName":"Choice","id":"ck6rjo2mcid6n0b09fvmwddss","fieldName":"question"}],[{"_typeName":"Question","id":"ck6rkrc2cifau0b09w7wdzkbs","fieldName":"choices"},{"_typeName":"Choice","id":"ck6rkrc2iifav0b091nrux6r3","fieldName":"question"}],[{"_typeName":"Question","id":"ck6rkrc2cifau0b09w7wdzkbs","fieldName":"choices"},{"_typeName":"Choice","id":"ck6rkrc2jifaw0b09livq2206","fieldName":"question"}],[{"_typeName":"Question","id":"ck6rkrc2cifau0b09w7wdzkbs","fieldName":"choices"},{"_typeName":"Choice","id":"ck6rkrc2kifax0b0909odwoc2","fieldName":"question"}],[{"_typeName":"Question","id":"ck6rkrc2cifau0b09w7wdzkbs","fieldName":"choices"},{"_typeName":"Choice","id":"ck6rkrc2lifay0b09y1t93bcb","fieldName":"question"}],[{"_typeName":"Question","id":"ck6rksazxrtaq0b00ns3oc30m","fieldName":"choices"},{"_typeName":"Choice","id":"ck6rksb01rtar0b00bow866ux","fieldName":"question"}],[{"_typeName":"Question","id":"ck6rksazxrtaq0b00ns3oc30m","fieldName":"choices"},{"_typeName":"Choice","id":"ck6rksb02rtas0b00s28g17e3","fieldName":"question"}],[{"_typeName":"Question","id":"ck6rksazxrtaq0b00ns3oc30m","fieldName":"choices"},{"_typeName":"Choice","id":"ck6rksb02rtat0b007zyt0kxb","fieldName":"question"}],[{"_typeName":"Question","id":"ck6rksazxrtaq0b00ns3oc30m","fieldName":"choices"},{"_typeName":"Choice","id":"ck6rksb03rtau0b00y7y7sqja","fieldName":"question"}],[{"_typeName":"Question","id":"ck6rktr71iffm0b09bto17vwo","fieldName":"choices"},{"_typeName":"Choice","id":"ck6rktr76iffn0b09pyqjsze3","fieldName":"question"}],[{"_typeName":"Question","id":"ck6rktr71iffm0b09bto17vwo","fieldName":"choices"},{"_typeName":"Choice","id":"ck6rktr77iffo0b09k31haifp","fieldName":"question"}],[{"_typeName":"Question","id":"ck6rktr71iffm0b09bto17vwo","fieldName":"choices"},{"_typeName":"Choice","id":"ck6rktr78iffp0b09l581f5pg","fieldName":"question"}],[{"_typeName":"Question","id":"ck6rktr71iffm0b09bto17vwo","fieldName":"choices"},{"_typeName":"Choice","id":"ck6rktr79iffq0b09m5dvpspe","fieldName":"question"}],[{"_typeName":"Question","id":"ck6rkv0qartj00b007vwizfpm","fieldName":"choices"},{"_typeName":"Choice","id":"ck6rkv0qcrtj10b002e91vrwy","fieldName":"question"}],[{"_typeName":"Question","id":"ck6rkv0qartj00b007vwizfpm","fieldName":"choices"},{"_typeName":"Choice","id":"ck6rkv0qdrtj20b004lhg33hv","fieldName":"question"}],[{"_typeName":"Question","id":"ck6rkv0qartj00b007vwizfpm","fieldName":"choices"},{"_typeName":"Choice","id":"ck6rkv0qdrtj30b00bs3500jj","fieldName":"question"}],[{"_typeName":"Question","id":"ck6rkv0qartj00b007vwizfpm","fieldName":"choices"},{"_typeName":"Choice","id":"ck6rkv0qertj40b00t8id1dm9","fieldName":"question"}],[{"_typeName":"Question","id":"ck6rkyr5mrtu10b00jzdyyild","fieldName":"choices"},{"_typeName":"Choice","id":"ck6rkyr5prtu20b00sdqr27hg","fieldName":"question"}],[{"_typeName":"Question","id":"ck6rkyr5mrtu10b00jzdyyild","fieldName":"choices"},{"_typeName":"Choice","id":"ck6rkyr5qrtu30b00o4vuw4vc","fieldName":"question"}],[{"_typeName":"Question","id":"ck6rkyr5mrtu10b00jzdyyild","fieldName":"choices"},{"_typeName":"Choice","id":"ck6rkyr5qrtu40b00nv2lg984","fieldName":"question"}],[{"_typeName":"Question","id":"ck6rkyr5mrtu10b00jzdyyild","fieldName":"choices"},{"_typeName":"Choice","id":"ck6rkyr5rrtu50b00r7wzo25s","fieldName":"question"}],[{"_typeName":"Question","id":"ck6rl07djifqw0b090h7m6bpw","fieldName":"choices"},{"_typeName":"Choice","id":"ck6rl07doifqx0b09atlkycy9","fieldName":"question"}],[{"_typeName":"Question","id":"ck6rl07djifqw0b090h7m6bpw","fieldName":"choices"},{"_typeName":"Choice","id":"ck6rl07dpifqy0b09xe7c805h","fieldName":"question"}],[{"_typeName":"Question","id":"ck6rl07djifqw0b090h7m6bpw","fieldName":"choices"},{"_typeName":"Choice","id":"ck6rl07drifqz0b09fz1g2oc1","fieldName":"question"}],[{"_typeName":"Question","id":"ck6rl07djifqw0b090h7m6bpw","fieldName":"choices"},{"_typeName":"Choice","id":"ck6rl07dsifr00b099vyzrc8m","fieldName":"question"}],[{"_typeName":"Question","id":"ck6rl1si6ifts0b096moehfa7","fieldName":"choices"},{"_typeName":"Choice","id":"ck6rl1sibiftt0b09mixugfmm","fieldName":"question"}],[{"_typeName":"Question","id":"ck6rl1si6ifts0b096moehfa7","fieldName":"choices"},{"_typeName":"Choice","id":"ck6rl1sidiftu0b09wcklfmin","fieldName":"question"}],[{"_typeName":"Question","id":"ck6rl1si6ifts0b096moehfa7","fieldName":"choices"},{"_typeName":"Choice","id":"ck6rl1sieiftv0b09g9k7ydmg","fieldName":"question"}],[{"_typeName":"Question","id":"ck6rl1si6ifts0b096moehfa7","fieldName":"choices"},{"_typeName":"Choice","id":"ck6rl1sififtw0b09xetndtrk","fieldName":"question"}],[{"_typeName":"Question","id":"ck6rl2xdaru4x0b00oa14jo11","fieldName":"choices"},{"_typeName":"Choice","id":"ck6rl2xdcru4y0b00bp4egb2r","fieldName":"question"}],[{"_typeName":"Question","id":"ck6rl2xdaru4x0b00oa14jo11","fieldName":"choices"},{"_typeName":"Choice","id":"ck6rl2xddru4z0b00zgs13r5n","fieldName":"question"}],[{"_typeName":"Question","id":"ck6rl2xdaru4x0b00oa14jo11","fieldName":"choices"},{"_typeName":"Choice","id":"ck6rl2xderu500b007f9vpz83","fieldName":"question"}],[{"_typeName":"Question","id":"ck6rl2xdaru4x0b00oa14jo11","fieldName":"choices"},{"_typeName":"Choice","id":"ck6rl2xdfru510b00qebqdx4i","fieldName":"question"}],[{"_typeName":"Question","id":"ck6rl4d7aru9j0b00xvnf2y9u","fieldName":"choices"},{"_typeName":"Choice","id":"ck6rl4d7cru9k0b004j03215d","fieldName":"question"}],[{"_typeName":"Question","id":"ck6rl4d7aru9j0b00xvnf2y9u","fieldName":"choices"},{"_typeName":"Choice","id":"ck6rl4d7dru9l0b00f21y4pke","fieldName":"question"}],[{"_typeName":"Question","id":"ck6rl4d7aru9j0b00xvnf2y9u","fieldName":"choices"},{"_typeName":"Choice","id":"ck6rl4d7dru9m0b00s7kypzw1","fieldName":"question"}],[{"_typeName":"Question","id":"ck6rl4d7aru9j0b00xvnf2y9u","fieldName":"choices"},{"_typeName":"Choice","id":"ck6rl4d7eru9n0b003nxpgb6w","fieldName":"question"}],[{"_typeName":"Question","id":"ck6rl62paruga0b000i2u4y9x","fieldName":"choices"},{"_typeName":"Choice","id":"ck6rl62pdrugb0b00y0kfe68e","fieldName":"question"}],[{"_typeName":"Question","id":"ck6rl62paruga0b000i2u4y9x","fieldName":"choices"},{"_typeName":"Choice","id":"ck6rl62perugc0b00ayrefykx","fieldName":"question"}],[{"_typeName":"Question","id":"ck6rl62paruga0b000i2u4y9x","fieldName":"choices"},{"_typeName":"Choice","id":"ck6rl62perugd0b00ee83v6jp","fieldName":"question"}],[{"_typeName":"Question","id":"ck6rl62paruga0b000i2u4y9x","fieldName":"choices"},{"_typeName":"Choice","id":"ck6rl62pfruge0b00d5rsoyya","fieldName":"question"}],[{"_typeName":"Question","id":"ck6rldv3gigft0b094h7hvs2k","fieldName":"choices"},{"_typeName":"Choice","id":"ck6rldv3ligfu0b09uh33rv6x","fieldName":"question"}],[{"_typeName":"Question","id":"ck6rldv3gigft0b094h7hvs2k","fieldName":"choices"},{"_typeName":"Choice","id":"ck6rldv3nigfv0b09m2qgeigr","fieldName":"question"}],[{"_typeName":"Question","id":"ck6rldv3gigft0b094h7hvs2k","fieldName":"choices"},{"_typeName":"Choice","id":"ck6rldv3oigfw0b09on1biprj","fieldName":"question"}],[{"_typeName":"Question","id":"ck6rldv3gigft0b094h7hvs2k","fieldName":"choices"},{"_typeName":"Choice","id":"ck6rldv3oigfx0b09b141gyfo","fieldName":"question"}],[{"_typeName":"Question","id":"ck6rlf9z1rv770b00tdkd0p5i","fieldName":"choices"},{"_typeName":"Choice","id":"ck6rlf9z4rv780b00htwlyc27","fieldName":"question"}],[{"_typeName":"Question","id":"ck6rlf9z1rv770b00tdkd0p5i","fieldName":"choices"},{"_typeName":"Choice","id":"ck6rlf9z5rv790b007a66y9vu","fieldName":"question"}],[{"_typeName":"Question","id":"ck6rlf9z1rv770b00tdkd0p5i","fieldName":"choices"},{"_typeName":"Choice","id":"ck6rlf9z6rv7a0b00k62diasr","fieldName":"question"}],[{"_typeName":"Question","id":"ck6rlf9z1rv770b00tdkd0p5i","fieldName":"choices"},{"_typeName":"Choice","id":"ck6rlf9z6rv7b0b00p5e7p862","fieldName":"question"}],[{"_typeName":"Question","id":"ck6rlmzyzrvug0b008yt9hqpc","fieldName":"choices"},{"_typeName":"Choice","id":"ck6rlmzz1rvuh0b008l5o49in","fieldName":"question"}],[{"_typeName":"Question","id":"ck6rlmzyzrvug0b008yt9hqpc","fieldName":"choices"},{"_typeName":"Choice","id":"ck6rlmzz2rvui0b00ly2unifq","fieldName":"question"}],[{"_typeName":"Question","id":"ck6rlmzyzrvug0b008yt9hqpc","fieldName":"choices"},{"_typeName":"Choice","id":"ck6rlmzz3rvuj0b00twzeyxcv","fieldName":"question"}],[{"_typeName":"Question","id":"ck6rlmzyzrvug0b008yt9hqpc","fieldName":"choices"},{"_typeName":"Choice","id":"ck6rlmzz3rvuk0b00sz8cwisd","fieldName":"question"}],[{"_typeName":"Question","id":"ck6rltx1iih9x0b09o2jdpi5b","fieldName":"choices"},{"_typeName":"Choice","id":"ck6rltx1pih9y0b09ght0qy1b","fieldName":"question"}],[{"_typeName":"Question","id":"ck6rltx1iih9x0b09o2jdpi5b","fieldName":"choices"},{"_typeName":"Choice","id":"ck6rltx1qih9z0b0934vvo20y","fieldName":"question"}],[{"_typeName":"Question","id":"ck6rltx1iih9x0b09o2jdpi5b","fieldName":"choices"},{"_typeName":"Choice","id":"ck6rltx1riha00b09qo2krkd1","fieldName":"question"}],[{"_typeName":"Question","id":"ck6rltx1iih9x0b09o2jdpi5b","fieldName":"choices"},{"_typeName":"Choice","id":"ck6rltx1siha10b09qmy5vu4c","fieldName":"question"}],[{"_typeName":"Question","id":"ck6rluzahrwhy0b00noaaumfd","fieldName":"choices"},{"_typeName":"Choice","id":"ck6rluzamrwhz0b006opac257","fieldName":"question"}],[{"_typeName":"Question","id":"ck6rluzahrwhy0b00noaaumfd","fieldName":"choices"},{"_typeName":"Choice","id":"ck6rluzamrwi00b003jjx8zr8","fieldName":"question"}],[{"_typeName":"Question","id":"ck6rluzahrwhy0b00noaaumfd","fieldName":"choices"},{"_typeName":"Choice","id":"ck6rluzanrwi10b00t80dqmgq","fieldName":"question"}],[{"_typeName":"Question","id":"ck6rluzahrwhy0b00noaaumfd","fieldName":"choices"},{"_typeName":"Choice","id":"ck6rluzaorwi20b00y1zckq8e","fieldName":"question"}],[{"_typeName":"Question","id":"ck6rlwqr7rwoh0b00qdskbr0x","fieldName":"choices"},{"_typeName":"Choice","id":"ck6rlwqr9rwoi0b00liciglo4","fieldName":"question"}],[{"_typeName":"Question","id":"ck6rlwqr7rwoh0b00qdskbr0x","fieldName":"choices"},{"_typeName":"Choice","id":"ck6rlwqrarwoj0b00slyo0ip8","fieldName":"question"}],[{"_typeName":"Question","id":"ck6rlwqr7rwoh0b00qdskbr0x","fieldName":"choices"},{"_typeName":"Choice","id":"ck6rlwqrarwok0b000rrbpg3m","fieldName":"question"}],[{"_typeName":"Question","id":"ck6rlwqr7rwoh0b00qdskbr0x","fieldName":"choices"},{"_typeName":"Choice","id":"ck6rlwqrbrwol0b007j1hflr6","fieldName":"question"}],[{"_typeName":"Question","id":"ck6rm0ie8ihqi0b09sx0jw8df","fieldName":"choices"},{"_typeName":"Choice","id":"ck6rm0ieeihqj0b09erxwnmcb","fieldName":"question"}],[{"_typeName":"Question","id":"ck6rm0ie8ihqi0b09sx0jw8df","fieldName":"choices"},{"_typeName":"Choice","id":"ck6rm0iefihqk0b09vvsvod22","fieldName":"question"}],[{"_typeName":"Question","id":"ck6rm0ie8ihqi0b09sx0jw8df","fieldName":"choices"},{"_typeName":"Choice","id":"ck6rm0iegihql0b09vvtfsygq","fieldName":"question"}],[{"_typeName":"Question","id":"ck6rm0ie8ihqi0b09sx0jw8df","fieldName":"choices"},{"_typeName":"Choice","id":"ck6rm0iehihqm0b098jz5ruzu","fieldName":"question"}],[{"_typeName":"Question","id":"ck6rm9swkiibp0b094x1ir1z7","fieldName":"choices"},{"_typeName":"Choice","id":"ck6rm9swqiibq0b095b9864ah","fieldName":"question"}],[{"_typeName":"Question","id":"ck6rm9swkiibp0b094x1ir1z7","fieldName":"choices"},{"_typeName":"Choice","id":"ck6rm9swriibr0b097m4aq9yw","fieldName":"question"}],[{"_typeName":"Question","id":"ck6rm9swkiibp0b094x1ir1z7","fieldName":"choices"},{"_typeName":"Choice","id":"ck6rm9swsiibs0b09emx2dxqb","fieldName":"question"}],[{"_typeName":"Question","id":"ck6rm9swkiibp0b094x1ir1z7","fieldName":"choices"},{"_typeName":"Choice","id":"ck6rm9swtiibt0b09bdwvhnue","fieldName":"question"}],[{"_typeName":"Question","id":"ck6rmf4omryhl0b00g9xhx8sm","fieldName":"choices"},{"_typeName":"Choice","id":"ck6rmf4opryhm0b00m64y5o25","fieldName":"question"}],[{"_typeName":"Question","id":"ck6rmf4omryhl0b00g9xhx8sm","fieldName":"choices"},{"_typeName":"Choice","id":"ck6rmf4oqryhn0b00s0n2iauw","fieldName":"question"}],[{"_typeName":"Question","id":"ck6rmf4omryhl0b00g9xhx8sm","fieldName":"choices"},{"_typeName":"Choice","id":"ck6rmf4orryho0b00yhown3al","fieldName":"question"}],[{"_typeName":"Question","id":"ck6rmf4omryhl0b00g9xhx8sm","fieldName":"choices"},{"_typeName":"Choice","id":"ck6rmf4orryhp0b00a3rp9ta3","fieldName":"question"}],[{"_typeName":"Question","id":"ck6rmgrxaiipb0b09himsemdq","fieldName":"choices"},{"_typeName":"Choice","id":"ck6rmgrxfiipc0b0924hf6lww","fieldName":"question"}],[{"_typeName":"Question","id":"ck6rmgrxaiipb0b09himsemdq","fieldName":"choices"},{"_typeName":"Choice","id":"ck6rmgrxgiipd0b09d0v8ppmf","fieldName":"question"}],[{"_typeName":"Question","id":"ck6rmgrxaiipb0b09himsemdq","fieldName":"choices"},{"_typeName":"Choice","id":"ck6rmgrxhiipe0b09989pxvcl","fieldName":"question"}],[{"_typeName":"Question","id":"ck6rmgrxaiipb0b09himsemdq","fieldName":"choices"},{"_typeName":"Choice","id":"ck6rmgrxiiipf0b091b3sdsuh","fieldName":"question"}],[{"_typeName":"Question","id":"ck6rmky78ij000b098utfggu3","fieldName":"choices"},{"_typeName":"Choice","id":"ck6rmky7dij010b095glq3n3m","fieldName":"question"}],[{"_typeName":"Question","id":"ck6rmky78ij000b098utfggu3","fieldName":"choices"},{"_typeName":"Choice","id":"ck6rmky7eij020b098mmnt2vt","fieldName":"question"}],[{"_typeName":"Question","id":"ck6rmky78ij000b098utfggu3","fieldName":"choices"},{"_typeName":"Choice","id":"ck6rmky7fij030b09qgk9ht2o","fieldName":"question"}],[{"_typeName":"Question","id":"ck6rmky78ij000b098utfggu3","fieldName":"choices"},{"_typeName":"Choice","id":"ck6rmky7gij040b09x9jnycg8","fieldName":"question"}],[{"_typeName":"Question","id":"ck6rmpnw6rzmi0b00wa2somrd","fieldName":"choices"},{"_typeName":"Choice","id":"ck6rmpnw9rzmj0b00ktr2kfpj","fieldName":"question"}],[{"_typeName":"Question","id":"ck6rmpnw6rzmi0b00wa2somrd","fieldName":"choices"},{"_typeName":"Choice","id":"ck6rmpnw9rzmk0b00ns74u9jj","fieldName":"question"}],[{"_typeName":"Question","id":"ck6rmpnw6rzmi0b00wa2somrd","fieldName":"choices"},{"_typeName":"Choice","id":"ck6rmpnwarzml0b00c58ml73a","fieldName":"question"}],[{"_typeName":"Question","id":"ck6rmpnw6rzmi0b00wa2somrd","fieldName":"choices"},{"_typeName":"Choice","id":"ck6rmpnwbrzmm0b007i8orcy1","fieldName":"question"}],[{"_typeName":"Question","id":"ck6rmtaj6ijpu0b094avrxifk","fieldName":"choices"},{"_typeName":"Choice","id":"ck6rmtajbijpv0b09uvwdqiep","fieldName":"question"}],[{"_typeName":"Question","id":"ck6rmtaj6ijpu0b094avrxifk","fieldName":"choices"},{"_typeName":"Choice","id":"ck6rmtajcijpw0b099tgkh86v","fieldName":"question"}],[{"_typeName":"Question","id":"ck6rmtaj6ijpu0b094avrxifk","fieldName":"choices"},{"_typeName":"Choice","id":"ck6rmtajdijpx0b09oq6se5r1","fieldName":"question"}],[{"_typeName":"Question","id":"ck6rmtaj6ijpu0b094avrxifk","fieldName":"choices"},{"_typeName":"Choice","id":"ck6rmtajeijpy0b090gzyd3os","fieldName":"question"}],[{"_typeName":"Question","id":"ck6rmuvkgs05v0b00vtw9tmp7","fieldName":"choices"},{"_typeName":"Choice","id":"ck6rmuvkks05w0b00818w5153","fieldName":"question"}],[{"_typeName":"Question","id":"ck6rmuvkgs05v0b00vtw9tmp7","fieldName":"choices"},{"_typeName":"Choice","id":"ck6rmuvkms05x0b00e8f1d39q","fieldName":"question"}],[{"_typeName":"Question","id":"ck6rmuvkgs05v0b00vtw9tmp7","fieldName":"choices"},{"_typeName":"Choice","id":"ck6rmuvkns05y0b00ymv175h8","fieldName":"question"}],[{"_typeName":"Question","id":"ck6rmuvkgs05v0b00vtw9tmp7","fieldName":"choices"},{"_typeName":"Choice","id":"ck6rmuvkos05z0b00z4iqd4ja","fieldName":"question"}],[{"_typeName":"Question","id":"ck6rmw8m8s0an0b00fp17f4h1","fieldName":"choices"},{"_typeName":"Choice","id":"ck6rmw8mbs0ao0b00v82wnfz2","fieldName":"question"}],[{"_typeName":"Question","id":"ck6rmw8m8s0an0b00fp17f4h1","fieldName":"choices"},{"_typeName":"Choice","id":"ck6rmw8mbs0ap0b00bubitgp3","fieldName":"question"}],[{"_typeName":"Question","id":"ck6rmw8m8s0an0b00fp17f4h1","fieldName":"choices"},{"_typeName":"Choice","id":"ck6rmw8mcs0aq0b00jy1e462b","fieldName":"question"}],[{"_typeName":"Question","id":"ck6rmw8m8s0an0b00fp17f4h1","fieldName":"choices"},{"_typeName":"Choice","id":"ck6rmw8mcs0ar0b00awqjboyh","fieldName":"question"}],[{"_typeName":"Question","id":"ck6rmxtfas0h90b00q9niyk81","fieldName":"choices"},{"_typeName":"Choice","id":"ck6rmxtfes0ha0b00ucwx9mbk","fieldName":"question"}],[{"_typeName":"Question","id":"ck6rmxtfas0h90b00q9niyk81","fieldName":"choices"},{"_typeName":"Choice","id":"ck6rmxtfes0hb0b003bzf7x6x","fieldName":"question"}],[{"_typeName":"Question","id":"ck6rmxtfas0h90b00q9niyk81","fieldName":"choices"},{"_typeName":"Choice","id":"ck6rmxtfgs0hc0b00qxmz4avj","fieldName":"question"}],[{"_typeName":"Question","id":"ck6rmxtfas0h90b00q9niyk81","fieldName":"choices"},{"_typeName":"Choice","id":"ck6rmxtfgs0hd0b00t1pofcfu","fieldName":"question"}],[{"_typeName":"Question","id":"ck6rmz6owik4p0b09l4aea6q3","fieldName":"choices"},{"_typeName":"Choice","id":"ck6rmz6p1ik4q0b09b0thnxlq","fieldName":"question"}],[{"_typeName":"Question","id":"ck6rmz6owik4p0b09l4aea6q3","fieldName":"choices"},{"_typeName":"Choice","id":"ck6rmz6p2ik4r0b09pc8wrnye","fieldName":"question"}],[{"_typeName":"Question","id":"ck6rmz6owik4p0b09l4aea6q3","fieldName":"choices"},{"_typeName":"Choice","id":"ck6rmz6p3ik4s0b09vhi6inwd","fieldName":"question"}],[{"_typeName":"Question","id":"ck6rmz6owik4p0b09l4aea6q3","fieldName":"choices"},{"_typeName":"Choice","id":"ck6rmz6p5ik4t0b09685ggmgd","fieldName":"question"}],[{"_typeName":"Question","id":"ck6rn2iv6ikch0b09m52dv8e1","fieldName":"choices"},{"_typeName":"Choice","id":"ck6rn2ivcikci0b09u27kryw5","fieldName":"question"}],[{"_typeName":"Question","id":"ck6rn2iv6ikch0b09m52dv8e1","fieldName":"choices"},{"_typeName":"Choice","id":"ck6rn2ivdikcj0b09sn3mprkq","fieldName":"question"}],[{"_typeName":"Question","id":"ck6rn2iv6ikch0b09m52dv8e1","fieldName":"choices"},{"_typeName":"Choice","id":"ck6rn2iveikck0b097j06dare","fieldName":"question"}],[{"_typeName":"Question","id":"ck6rn2iv6ikch0b09m52dv8e1","fieldName":"choices"},{"_typeName":"Choice","id":"ck6rn2ivfikcl0b09t4w5omvw","fieldName":"question"}],[{"_typeName":"Question","id":"ck6rn3zlfikfb0b099y3nr9d3","fieldName":"choices"},{"_typeName":"Choice","id":"ck6rn3zlkikfc0b091kieai8n","fieldName":"question"}],[{"_typeName":"Question","id":"ck6rn3zlfikfb0b099y3nr9d3","fieldName":"choices"},{"_typeName":"Choice","id":"ck6rn3zllikfd0b09ur0iraj2","fieldName":"question"}],[{"_typeName":"Question","id":"ck6rn3zlfikfb0b099y3nr9d3","fieldName":"choices"},{"_typeName":"Choice","id":"ck6rn3zlmikfe0b091i6t7lct","fieldName":"question"}],[{"_typeName":"Question","id":"ck6rn3zlfikfb0b099y3nr9d3","fieldName":"choices"},{"_typeName":"Choice","id":"ck6rn3zlnikff0b09yo2i5tw9","fieldName":"question"}],[{"_typeName":"Question","id":"ck6rn7seus1cj0b00e4ds7c5m","fieldName":"choices"},{"_typeName":"Choice","id":"ck6rn7seys1ck0b000uiz2wgk","fieldName":"question"}],[{"_typeName":"Question","id":"ck6rn7seus1cj0b00e4ds7c5m","fieldName":"choices"},{"_typeName":"Choice","id":"ck6rn7seys1cl0b00tm11hgp4","fieldName":"question"}],[{"_typeName":"Question","id":"ck6rn7seus1cj0b00e4ds7c5m","fieldName":"choices"},{"_typeName":"Choice","id":"ck6rn7sf0s1cm0b00r56n5x5o","fieldName":"question"}],[{"_typeName":"Question","id":"ck6rn7seus1cj0b00e4ds7c5m","fieldName":"choices"},{"_typeName":"Choice","id":"ck6rn7sf0s1cn0b00o2k6w35g","fieldName":"question"}],[{"_typeName":"Question","id":"ck6rn8t8dikpn0b09xfqhr16e","fieldName":"choices"},{"_typeName":"Choice","id":"ck6rn8t8iikpo0b09nwzn6lai","fieldName":"question"}],[{"_typeName":"Question","id":"ck6rn8t8dikpn0b09xfqhr16e","fieldName":"choices"},{"_typeName":"Choice","id":"ck6rn8t8jikpp0b09lfp0wsks","fieldName":"question"}],[{"_typeName":"Question","id":"ck6rn8t8dikpn0b09xfqhr16e","fieldName":"choices"},{"_typeName":"Choice","id":"ck6rn8t8kikpq0b09dhw994h1","fieldName":"question"}],[{"_typeName":"Question","id":"ck6rn8t8dikpn0b09xfqhr16e","fieldName":"choices"},{"_typeName":"Choice","id":"ck6rn8t8mikpr0b09fz7t01ic","fieldName":"question"}],[{"_typeName":"Question","id":"ck6rnatwts1qb0b00y8frq07r","fieldName":"choices"},{"_typeName":"Choice","id":"ck6rnatwvs1qc0b008z5lebmj","fieldName":"question"}],[{"_typeName":"Question","id":"ck6rnatwts1qb0b00y8frq07r","fieldName":"choices"},{"_typeName":"Choice","id":"ck6rnatwws1qd0b0073m4lv3k","fieldName":"question"}],[{"_typeName":"Question","id":"ck6rnatwts1qb0b00y8frq07r","fieldName":"choices"},{"_typeName":"Choice","id":"ck6rnatwws1qe0b00qfn0je3t","fieldName":"question"}],[{"_typeName":"Question","id":"ck6rnatwts1qb0b00y8frq07r","fieldName":"choices"},{"_typeName":"Choice","id":"ck6rnatwxs1qf0b0036hobsv6","fieldName":"question"}],[{"_typeName":"Question","id":"ck6rnd8rfs1ye0b00bn3ang37","fieldName":"choices"},{"_typeName":"Choice","id":"ck6rnd8ris1yf0b00u6l05af4","fieldName":"question"}],[{"_typeName":"Question","id":"ck6rnd8rfs1ye0b00bn3ang37","fieldName":"choices"},{"_typeName":"Choice","id":"ck6rnd8rjs1yg0b00tdwva86o","fieldName":"question"}],[{"_typeName":"Question","id":"ck6rnd8rfs1ye0b00bn3ang37","fieldName":"choices"},{"_typeName":"Choice","id":"ck6rnd8rks1yh0b00ii32pk35","fieldName":"question"}],[{"_typeName":"Question","id":"ck6rnd8rfs1ye0b00bn3ang37","fieldName":"choices"},{"_typeName":"Choice","id":"ck6rnd8rls1yi0b007kquv36o","fieldName":"question"}],[{"_typeName":"Question","id":"ck6rne6r4il2r0b09iu6l1wqd","fieldName":"choices"},{"_typeName":"Choice","id":"ck6rne6rbil2s0b09a2bjk9ie","fieldName":"question"}],[{"_typeName":"Question","id":"ck6rne6r4il2r0b09iu6l1wqd","fieldName":"choices"},{"_typeName":"Choice","id":"ck6rne6rcil2t0b09in84m62m","fieldName":"question"}],[{"_typeName":"Question","id":"ck6rne6r4il2r0b09iu6l1wqd","fieldName":"choices"},{"_typeName":"Choice","id":"ck6rne6rdil2u0b09nt74mzni","fieldName":"question"}],[{"_typeName":"Question","id":"ck6rne6r4il2r0b09iu6l1wqd","fieldName":"choices"},{"_typeName":"Choice","id":"ck6rne6reil2v0b09ldpjl8s9","fieldName":"question"}],[{"_typeName":"Question","id":"ck6rnhurzs2cj0b00an3cgld6","fieldName":"choices"},{"_typeName":"Choice","id":"ck6rnhus4s2ck0b008uulwmjx","fieldName":"question"}],[{"_typeName":"Question","id":"ck6rnhurzs2cj0b00an3cgld6","fieldName":"choices"},{"_typeName":"Choice","id":"ck6rnhus5s2cl0b004jwhqy6h","fieldName":"question"}],[{"_typeName":"Question","id":"ck6rnhurzs2cj0b00an3cgld6","fieldName":"choices"},{"_typeName":"Choice","id":"ck6rnhus6s2cm0b00lxxsd9kq","fieldName":"question"}],[{"_typeName":"Question","id":"ck6rnhurzs2cj0b00an3cgld6","fieldName":"choices"},{"_typeName":"Choice","id":"ck6rnhus7s2cn0b000uyo5n7u","fieldName":"question"}],[{"_typeName":"Question","id":"ck6rnjgits2hj0b006y2yew8v","fieldName":"choices"},{"_typeName":"Choice","id":"ck6rnjgixs2hk0b00qgyhu3b2","fieldName":"question"}],[{"_typeName":"Question","id":"ck6rnjgits2hj0b006y2yew8v","fieldName":"choices"},{"_typeName":"Choice","id":"ck6rnjgiys2hl0b00fyunhzjq","fieldName":"question"}],[{"_typeName":"Question","id":"ck6rnjgits2hj0b006y2yew8v","fieldName":"choices"},{"_typeName":"Choice","id":"ck6rnjgiys2hm0b00wzee0yz7","fieldName":"question"}],[{"_typeName":"Question","id":"ck6rnjgits2hj0b006y2yew8v","fieldName":"choices"},{"_typeName":"Choice","id":"ck6rnjgizs2hn0b003o64lft5","fieldName":"question"}],[{"_typeName":"Question","id":"ck6rnkgfes2kv0b00uhuklwn8","fieldName":"choices"},{"_typeName":"Choice","id":"ck6rnkgfhs2kw0b00cs3ar29m","fieldName":"question"}],[{"_typeName":"Question","id":"ck6rnkgfes2kv0b00uhuklwn8","fieldName":"choices"},{"_typeName":"Choice","id":"ck6rnkgfis2kx0b008mkcoymv","fieldName":"question"}],[{"_typeName":"Question","id":"ck6rnkgfes2kv0b00uhuklwn8","fieldName":"choices"},{"_typeName":"Choice","id":"ck6rnkgfis2ky0b005mb3l6q0","fieldName":"question"}],[{"_typeName":"Question","id":"ck6rnkgfes2kv0b00uhuklwn8","fieldName":"choices"},{"_typeName":"Choice","id":"ck6rnkgfjs2kz0b00uelpog9r","fieldName":"question"}],[{"_typeName":"Question","id":"ck6rnm9q0ilhe0b09jc8lgegw","fieldName":"choices"},{"_typeName":"Choice","id":"ck6rnm9q6ilhf0b099scuyaej","fieldName":"question"}],[{"_typeName":"Question","id":"ck6rnm9q0ilhe0b09jc8lgegw","fieldName":"choices"},{"_typeName":"Choice","id":"ck6rnm9q7ilhg0b09usqrj9wn","fieldName":"question"}],[{"_typeName":"Question","id":"ck6rnm9q0ilhe0b09jc8lgegw","fieldName":"choices"},{"_typeName":"Choice","id":"ck6rnm9q8ilhh0b099yrvaz65","fieldName":"question"}],[{"_typeName":"Question","id":"ck6rnm9q0ilhe0b09jc8lgegw","fieldName":"choices"},{"_typeName":"Choice","id":"ck6rnm9q9ilhi0b094jjm9zn6","fieldName":"question"}],[{"_typeName":"Question","id":"ck6rno6wys2wl0b00wo5ldpve","fieldName":"choices"},{"_typeName":"Choice","id":"ck6rno6x1s2wm0b007krzr1mk","fieldName":"question"}],[{"_typeName":"Question","id":"ck6rno6wys2wl0b00wo5ldpve","fieldName":"choices"},{"_typeName":"Choice","id":"ck6rno6x2s2wn0b00evatt4hg","fieldName":"question"}],[{"_typeName":"Question","id":"ck6rno6wys2wl0b00wo5ldpve","fieldName":"choices"},{"_typeName":"Choice","id":"ck6rno6x3s2wo0b00fco2qz0k","fieldName":"question"}],[{"_typeName":"Question","id":"ck6rno6wys2wl0b00wo5ldpve","fieldName":"choices"},{"_typeName":"Choice","id":"ck6rno6x3s2wp0b00c0x5ngfu","fieldName":"question"}],[{"_typeName":"Question","id":"ck6vkow818xi30b00a4gz70ma","fieldName":"choices"},{"_typeName":"Choice","id":"ck6vkow858xi40b00pvs8s8n9","fieldName":"question"}],[{"_typeName":"Question","id":"ck6vkow818xi30b00a4gz70ma","fieldName":"choices"},{"_typeName":"Choice","id":"ck6vkow878xi50b00m0asubuf","fieldName":"question"}],[{"_typeName":"Question","id":"ck6vkow818xi30b00a4gz70ma","fieldName":"choices"},{"_typeName":"Choice","id":"ck6vkow888xi60b00toimsjw3","fieldName":"question"}],[{"_typeName":"Question","id":"ck6vkow818xi30b00a4gz70ma","fieldName":"choices"},{"_typeName":"Choice","id":"ck6vkow888xi70b00lzdd67uj","fieldName":"question"}],[{"_typeName":"User","id":"ck6rbehyrhrzu0b09nx4l6zr4","fieldName":"avatarCollection"},{"_typeName":"Avatar","id":"ck6rb0dqthqz60b09gbl4txll"}],[{"_typeName":"User","id":"ck6vsawmuwouu0b09rjjfe1uw","fieldName":"avatarCollection"},{"_typeName":"Avatar","id":"ck6rb0dqthqz60b09gbl4txll"}],[{"_typeName":"User","id":"ck6vsryifwpnz0b09ntpby51f","fieldName":"avatarCollection"},{"_typeName":"Avatar","id":"ck6rb0dqthqz60b09gbl4txll"}],[{"_typeName":"User","id":"ck6vt1h64wq5t0b092fcxb004","fieldName":"avatarCollection"},{"_typeName":"Avatar","id":"ck6rb0dqthqz60b09gbl4txll"}],[{"_typeName":"User","id":"ck6vu5vh8ws0b0b09c18nys7r","fieldName":"avatarCollection"},{"_typeName":"Avatar","id":"ck6rb0dqthqz60b09gbl4txll"}],[{"_typeName":"User","id":"ck6vuiw0zwsl30b09jip56thu","fieldName":"avatarCollection"},{"_typeName":"Avatar","id":"ck6rb0dqthqz60b09gbl4txll"}],[{"_typeName":"User","id":"ck6vunxhd9w3x0b007jux8ios","fieldName":"avatarCollection"},{"_typeName":"Avatar","id":"ck6rb0dqthqz60b09gbl4txll"}],[{"_typeName":"User","id":"ck6vutopw9wib0b00awnnuyn0","fieldName":"avatarCollection"},{"_typeName":"Avatar","id":"ck6rb0dqthqz60b09gbl4txll"}],[{"_typeName":"User","id":"ck79vbeod40x70905z59lib96","fieldName":"avatarCollection"},{"_typeName":"Avatar","id":"ck6rb0dqthqz60b09gbl4txll"}],[{"_typeName":"User","id":"ck79vgcgy414d09051erqs7vu","fieldName":"avatarCollection"},{"_typeName":"Avatar","id":"ck6rb0dqthqz60b09gbl4txll"}],[{"_typeName":"User","id":"ck79vkv4l41c80905ut4lze4m","fieldName":"avatarCollection"},{"_typeName":"Avatar","id":"ck6rb0dqthqz60b09gbl4txll"}],[{"_typeName":"User","id":"ck79vpd2541jj0905ocdviadd","fieldName":"avatarCollection"},{"_typeName":"Avatar","id":"ck6rb0dqthqz60b09gbl4txll"}],[{"_typeName":"User","id":"ck79vtpa241om0905w4d7gudy","fieldName":"avatarCollection"},{"_typeName":"Avatar","id":"ck6rb0dqthqz60b09gbl4txll"}],[{"_typeName":"User","id":"ck79vy6vr41v70905c7g3lb6k","fieldName":"avatarCollection"},{"_typeName":"Avatar","id":"ck6rb0dqthqz60b09gbl4txll"}],[{"_typeName":"User","id":"ck79w4chr857y0961ei490ubs","fieldName":"avatarCollection"},{"_typeName":"Avatar","id":"ck6rb0dqthqz60b09gbl4txll"}],[{"_typeName":"User","id":"ck79w8aj285gr0961l46grru7","fieldName":"avatarCollection"},{"_typeName":"Avatar","id":"ck6rb0dqthqz60b09gbl4txll"}],[{"_typeName":"User","id":"ck79whwcz42ia0905xylddql9","fieldName":"avatarCollection"},{"_typeName":"Avatar","id":"ck6rb0dqthqz60b09gbl4txll"}],[{"_typeName":"User","id":"ck79wn6a586j30961g5ogx7px","fieldName":"avatarCollection"},{"_typeName":"Avatar","id":"ck6rb0dqthqz60b09gbl4txll"}],[{"_typeName":"User","id":"ck79wtm5x42xx09058ui1vltq","fieldName":"avatarCollection"},{"_typeName":"Avatar","id":"ck6rb0dqthqz60b09gbl4txll"}],[{"_typeName":"User","id":"ck79wx2sj43260905toncazr5","fieldName":"avatarCollection"},{"_typeName":"Avatar","id":"ck6rb0dqthqz60b09gbl4txll"}],[{"_typeName":"User","id":"ck79x3lcc439j0905vo5mq1ol","fieldName":"avatarCollection"},{"_typeName":"Avatar","id":"ck6rb0dqthqz60b09gbl4txll"}],[{"_typeName":"User","id":"ck79x85gp43gh0905kgfpme08","fieldName":"avatarCollection"},{"_typeName":"Avatar","id":"ck6rb0dqthqz60b09gbl4txll"}],[{"_typeName":"User","id":"ck79xac7v881i09612ye7vnw8","fieldName":"avatarCollection"},{"_typeName":"Avatar","id":"ck6rb0dqthqz60b09gbl4txll"}],[{"_typeName":"User","id":"ck79xd8kw888z09611y32ijwb","fieldName":"avatarCollection"},{"_typeName":"Avatar","id":"ck6rb0dqthqz60b09gbl4txll"}],[{"_typeName":"User","id":"ck79xfkhy88ej0961zsenf9pn","fieldName":"avatarCollection"},{"_typeName":"Avatar","id":"ck6rb0dqthqz60b09gbl4txll"}],[{"_typeName":"User","id":"ck79xhz5188jy09617d7v2olx","fieldName":"avatarCollection"},{"_typeName":"Avatar","id":"ck6rb0dqthqz60b09gbl4txll"}],[{"_typeName":"User","id":"ck79xld3t88sj0961ci1xmz2c","fieldName":"avatarCollection"},{"_typeName":"Avatar","id":"ck6rb0dqthqz60b09gbl4txll"}],[{"_typeName":"User","id":"ck79xnp6p441609052g6iyrx3","fieldName":"avatarCollection"},{"_typeName":"Avatar","id":"ck6rb0dqthqz60b09gbl4txll"}],[{"_typeName":"User","id":"ck79xrlsw446r0905h3dagm88","fieldName":"avatarCollection"},{"_typeName":"Avatar","id":"ck6rb0dqthqz60b09gbl4txll"}],[{"_typeName":"User","id":"ck79xuaeb44a60905f6zfwzrh","fieldName":"avatarCollection"},{"_typeName":"Avatar","id":"ck6rb0dqthqz60b09gbl4txll"}],[{"_typeName":"User","id":"ck79xwkpb89l20961uu7axgzh","fieldName":"avatarCollection"},{"_typeName":"Avatar","id":"ck6rb0dqthqz60b09gbl4txll"}],[{"_typeName":"User","id":"ck79xy82244fh0905qpqw3f2i","fieldName":"avatarCollection"},{"_typeName":"Avatar","id":"ck6rb0dqthqz60b09gbl4txll"}],[{"_typeName":"User","id":"ck79y0i0d44iz090525zampjc","fieldName":"avatarCollection"},{"_typeName":"Avatar","id":"ck6rb0dqthqz60b09gbl4txll"}],[{"_typeName":"User","id":"ck79vgcgy414d09051erqs7vu","fieldName":"avatarCollection"},{"_typeName":"Avatar","id":"ck6rb0mwbqtij0b0061onr2fo"}],[{"_typeName":"User","id":"ck79vy6vr41v70905c7g3lb6k","fieldName":"avatarCollection"},{"_typeName":"Avatar","id":"ck6rb0mwbqtij0b0061onr2fo"}],[{"_typeName":"User","id":"ck79w8aj285gr0961l46grru7","fieldName":"avatarCollection"},{"_typeName":"Avatar","id":"ck6rb0mwbqtij0b0061onr2fo"}],[{"_typeName":"User","id":"ck79xnp6p441609052g6iyrx3","fieldName":"avatarCollection"},{"_typeName":"Avatar","id":"ck6rb0mwbqtij0b0061onr2fo"}],[{"_typeName":"User","id":"ck79xy82244fh0905qpqw3f2i","fieldName":"avatarCollection"},{"_typeName":"Avatar","id":"ck6rb0mwbqtij0b0061onr2fo"}],[{"_typeName":"User","id":"ck79y0i0d44iz090525zampjc","fieldName":"avatarCollection"},{"_typeName":"Avatar","id":"ck6rb0mwbqtij0b0061onr2fo"}],[{"_typeName":"User","id":"ck6vsawmuwouu0b09rjjfe1uw","fieldName":"avatarCollection"},{"_typeName":"Avatar","id":"ck6rb0tomhr020b09g46vvmmv"}],[{"_typeName":"User","id":"ck79vgcgy414d09051erqs7vu","fieldName":"avatarCollection"},{"_typeName":"Avatar","id":"ck6rb0tomhr020b09g46vvmmv"}],[{"_typeName":"User","id":"ck79vy6vr41v70905c7g3lb6k","fieldName":"avatarCollection"},{"_typeName":"Avatar","id":"ck6rb0tomhr020b09g46vvmmv"}],[{"_typeName":"User","id":"ck79wtm5x42xx09058ui1vltq","fieldName":"avatarCollection"},{"_typeName":"Avatar","id":"ck6rb0tomhr020b09g46vvmmv"}],[{"_typeName":"User","id":"ck79xrlsw446r0905h3dagm88","fieldName":"avatarCollection"},{"_typeName":"Avatar","id":"ck6rb0tomhr020b09g46vvmmv"}],[{"_typeName":"User","id":"ck6vsawmuwouu0b09rjjfe1uw","fieldName":"avatarCollection"},{"_typeName":"Avatar","id":"ck6rb0yo4qtjm0b0038c26dgg"}],[{"_typeName":"User","id":"ck79vbeod40x70905z59lib96","fieldName":"avatarCollection"},{"_typeName":"Avatar","id":"ck6rb0yo4qtjm0b0038c26dgg"}],[{"_typeName":"User","id":"ck79xd8kw888z09611y32ijwb","fieldName":"avatarCollection"},{"_typeName":"Avatar","id":"ck6rb0yo4qtjm0b0038c26dgg"}],[{"_typeName":"User","id":"ck79xrlsw446r0905h3dagm88","fieldName":"avatarCollection"},{"_typeName":"Avatar","id":"ck6rb0yo4qtjm0b0038c26dgg"}],[{"_typeName":"User","id":"ck79vtpa241om0905w4d7gudy","fieldName":"avatarCollection"},{"_typeName":"Avatar","id":"ck6rb1a2khr110b09sn1gxr6z"}],[{"_typeName":"User","id":"ck79w8aj285gr0961l46grru7","fieldName":"avatarCollection"},{"_typeName":"Avatar","id":"ck6rb1a2khr110b09sn1gxr6z"}],[{"_typeName":"User","id":"ck79xy82244fh0905qpqw3f2i","fieldName":"avatarCollection"},{"_typeName":"Avatar","id":"ck6rb1a2khr110b09sn1gxr6z"}],[{"_typeName":"User","id":"ck79vy6vr41v70905c7g3lb6k","fieldName":"avatarCollection"},{"_typeName":"Avatar","id":"ck6rb1devhr1c0b0902aumkah"}],[{"_typeName":"User","id":"ck79w8aj285gr0961l46grru7","fieldName":"avatarCollection"},{"_typeName":"Avatar","id":"ck6rb1devhr1c0b0902aumkah"}],[{"_typeName":"User","id":"ck79wtm5x42xx09058ui1vltq","fieldName":"avatarCollection"},{"_typeName":"Avatar","id":"ck6rb1devhr1c0b0902aumkah"}],[{"_typeName":"User","id":"ck79xy82244fh0905qpqw3f2i","fieldName":"avatarCollection"},{"_typeName":"Avatar","id":"ck6rb1devhr1c0b0902aumkah"}],[{"_typeName":"User","id":"ck6vutopw9wib0b00awnnuyn0","fieldName":"avatarCollection"},{"_typeName":"Avatar","id":"ck6rb1guihr1p0b09yx8gs6q7"}],[{"_typeName":"User","id":"ck79vtpa241om0905w4d7gudy","fieldName":"avatarCollection"},{"_typeName":"Avatar","id":"ck6rb1guihr1p0b09yx8gs6q7"}],[{"_typeName":"User","id":"ck79wn6a586j30961g5ogx7px","fieldName":"avatarCollection"},{"_typeName":"Avatar","id":"ck6rb1guihr1p0b09yx8gs6q7"}],[{"_typeName":"User","id":"ck79xnp6p441609052g6iyrx3","fieldName":"avatarCollection"},{"_typeName":"Avatar","id":"ck6rb1guihr1p0b09yx8gs6q7"}],[{"_typeName":"User","id":"ck79xuaeb44a60905f6zfwzrh","fieldName":"avatarCollection"},{"_typeName":"Avatar","id":"ck6rb1guihr1p0b09yx8gs6q7"}],[{"_typeName":"User","id":"ck79xwkpb89l20961uu7axgzh","fieldName":"avatarCollection"},{"_typeName":"Avatar","id":"ck6rb1guihr1p0b09yx8gs6q7"}],[{"_typeName":"User","id":"ck79y0i0d44iz090525zampjc","fieldName":"avatarCollection"},{"_typeName":"Avatar","id":"ck6rb1guihr1p0b09yx8gs6q7"}],[{"_typeName":"User","id":"ck6vuiw0zwsl30b09jip56thu","fieldName":"avatarCollection"},{"_typeName":"Avatar","id":"ck6rb1kk1qtlr0b002s2e7okh"}],[{"_typeName":"User","id":"ck79whwcz42ia0905xylddql9","fieldName":"avatarCollection"},{"_typeName":"Avatar","id":"ck6rb1kk1qtlr0b002s2e7okh"}],[{"_typeName":"User","id":"ck79xac7v881i09612ye7vnw8","fieldName":"avatarCollection"},{"_typeName":"Avatar","id":"ck6rb1kk1qtlr0b002s2e7okh"}],[{"_typeName":"User","id":"ck79xhz5188jy09617d7v2olx","fieldName":"avatarCollection"},{"_typeName":"Avatar","id":"ck6rb1kk1qtlr0b002s2e7okh"}],[{"_typeName":"User","id":"ck79xld3t88sj0961ci1xmz2c","fieldName":"avatarCollection"},{"_typeName":"Avatar","id":"ck6rb1kk1qtlr0b002s2e7okh"}],[{"_typeName":"User","id":"ck6rbehyrhrzu0b09nx4l6zr4","fieldName":"avatarCollection"},{"_typeName":"Avatar","id":"ck6rb1rfeqtmf0b00iykxlmlj"}],[{"_typeName":"User","id":"ck6vsryifwpnz0b09ntpby51f","fieldName":"avatarCollection"},{"_typeName":"Avatar","id":"ck6rb1rfeqtmf0b00iykxlmlj"}],[{"_typeName":"User","id":"ck6vu5vh8ws0b0b09c18nys7r","fieldName":"avatarCollection"},{"_typeName":"Avatar","id":"ck6rb1rfeqtmf0b00iykxlmlj"}],[{"_typeName":"User","id":"ck79w4chr857y0961ei490ubs","fieldName":"avatarCollection"},{"_typeName":"Avatar","id":"ck6rb1rfeqtmf0b00iykxlmlj"}],[{"_typeName":"User","id":"ck79whwcz42ia0905xylddql9","fieldName":"avatarCollection"},{"_typeName":"Avatar","id":"ck6rb1rfeqtmf0b00iykxlmlj"}],[{"_typeName":"User","id":"ck79wx2sj43260905toncazr5","fieldName":"avatarCollection"},{"_typeName":"Avatar","id":"ck6rb1rfeqtmf0b00iykxlmlj"}],[{"_typeName":"User","id":"ck79x3lcc439j0905vo5mq1ol","fieldName":"avatarCollection"},{"_typeName":"Avatar","id":"ck6rb1rfeqtmf0b00iykxlmlj"}],[{"_typeName":"User","id":"ck79x85gp43gh0905kgfpme08","fieldName":"avatarCollection"},{"_typeName":"Avatar","id":"ck6rb1rfeqtmf0b00iykxlmlj"}],[{"_typeName":"User","id":"ck79xac7v881i09612ye7vnw8","fieldName":"avatarCollection"},{"_typeName":"Avatar","id":"ck6rb1rfeqtmf0b00iykxlmlj"}],[{"_typeName":"User","id":"ck79xfkhy88ej0961zsenf9pn","fieldName":"avatarCollection"},{"_typeName":"Avatar","id":"ck6rb1rfeqtmf0b00iykxlmlj"}],[{"_typeName":"User","id":"ck79xld3t88sj0961ci1xmz2c","fieldName":"avatarCollection"},{"_typeName":"Avatar","id":"ck6rb1rfeqtmf0b00iykxlmlj"}],[{"_typeName":"User","id":"ck6vsryifwpnz0b09ntpby51f","fieldName":"avatarCollection"},{"_typeName":"Avatar","id":"ck6rb1uinhr2p0b093qie0b1g"}],[{"_typeName":"User","id":"ck6vt1h64wq5t0b092fcxb004","fieldName":"avatarCollection"},{"_typeName":"Avatar","id":"ck6rb1uinhr2p0b093qie0b1g"}],[{"_typeName":"User","id":"ck6vunxhd9w3x0b007jux8ios","fieldName":"avatarCollection"},{"_typeName":"Avatar","id":"ck6rb1uinhr2p0b093qie0b1g"}],[{"_typeName":"User","id":"ck79vkv4l41c80905ut4lze4m","fieldName":"avatarCollection"},{"_typeName":"Avatar","id":"ck6rb1uinhr2p0b093qie0b1g"}],[{"_typeName":"User","id":"ck79xfkhy88ej0961zsenf9pn","fieldName":"avatarCollection"},{"_typeName":"Avatar","id":"ck6rb1uinhr2p0b093qie0b1g"}],[{"_typeName":"User","id":"ck6vt1h64wq5t0b092fcxb004","fieldName":"avatarCollection"},{"_typeName":"Avatar","id":"ck6rb2cscqtot0b00ow5qr3ql"}],[{"_typeName":"User","id":"ck6vunxhd9w3x0b007jux8ios","fieldName":"avatarCollection"},{"_typeName":"Avatar","id":"ck6rb2cscqtot0b00ow5qr3ql"}],[{"_typeName":"User","id":"ck79vpd2541jj0905ocdviadd","fieldName":"avatarCollection"},{"_typeName":"Avatar","id":"ck6rb2cscqtot0b00ow5qr3ql"}],[{"_typeName":"User","id":"ck79w4chr857y0961ei490ubs","fieldName":"avatarCollection"},{"_typeName":"Avatar","id":"ck6rb2cscqtot0b00ow5qr3ql"}],[{"_typeName":"User","id":"ck79x3lcc439j0905vo5mq1ol","fieldName":"avatarCollection"},{"_typeName":"Avatar","id":"ck6rb2cscqtot0b00ow5qr3ql"}],[{"_typeName":"User","id":"ck79x85gp43gh0905kgfpme08","fieldName":"avatarCollection"},{"_typeName":"Avatar","id":"ck6rb2cscqtot0b00ow5qr3ql"}],[{"_typeName":"User","id":"ck79xld3t88sj0961ci1xmz2c","fieldName":"avatarCollection"},{"_typeName":"Avatar","id":"ck6rb2cscqtot0b00ow5qr3ql"}],[{"_typeName":"User","id":"ck6vu5vh8ws0b0b09c18nys7r","fieldName":"avatarCollection"},{"_typeName":"Avatar","id":"ck6rb2g1dqtp70b008k84urkn"}],[{"_typeName":"User","id":"ck6vuiw0zwsl30b09jip56thu","fieldName":"avatarCollection"},{"_typeName":"Avatar","id":"ck6rb2g1dqtp70b008k84urkn"}],[{"_typeName":"User","id":"ck79vpd2541jj0905ocdviadd","fieldName":"avatarCollection"},{"_typeName":"Avatar","id":"ck6rb2g1dqtp70b008k84urkn"}],[{"_typeName":"User","id":"ck79wx2sj43260905toncazr5","fieldName":"avatarCollection"},{"_typeName":"Avatar","id":"ck6rb2g1dqtp70b008k84urkn"}],[{"_typeName":"User","id":"ck79xhz5188jy09617d7v2olx","fieldName":"avatarCollection"},{"_typeName":"Avatar","id":"ck6rb2g1dqtp70b008k84urkn"}]]}